{
  "model": "Random Forest",
  "model_key": "random_forest",
  "feature_set": "biomarker20",
  "n_bootstrap": 1000,
  "threshold_strategy": "bootstrap_q65_accuracy",
  "fold_summary": {
    "auroc": {
      "mean": 0.9033333333333333,
      "std": 0.10954451150103317,
      "min": 0.7500000000000001,
      "max": 1.0
    },
    "auprc": {
      "mean": 0.8,
      "std": 0.24008100484813225,
      "min": 0.5,
      "max": 1.0
    },
    "accuracy": {
      "mean": 0.825,
      "std": 0.11180339887498948,
      "min": 0.75,
      "max": 1.0
    },
    "sensitivity": {
      "mean": 0.4666666666666666,
      "std": 0.3613247231446467,
      "min": 0.0,
      "max": 1.0
    },
    "specificity": {
      "mean": 0.9666666666666668,
      "std": 0.07453559924999298,
      "min": 0.8333333333333334,
      "max": 1.0
    },
    "f1": {
      "mean": 0.5333333333333333,
      "std": 0.36132472314464664,
      "min": 0.0,
      "max": 1.0
    },
    "tp": {
      "mean": 1.0,
      "std": 0.7071067811865476,
      "min": 0.0,
      "max": 2.0
    },
    "tn": {
      "mean": 5.6,
      "std": 0.5477225575051662,
      "min": 5.0,
      "max": 6.0
    },
    "fp": {
      "mean": 0.2,
      "std": 0.44721359549995804,
      "min": 0.0,
      "max": 1.0
    },
    "fn": {
      "mean": 1.2,
      "std": 0.8366600265340756,
      "min": 0.0,
      "max": 2.0
    }
  },
  "pooled_metrics": {
    "auroc": 0.8589341692789968,
    "auprc": 0.6835178856231487,
    "accuracy": 0.825,
    "sensitivity": 0.45454545454545453,
    "specificity": 0.9655172413793104,
    "f1": 0.5882352941176471,
    "tp": 5.0,
    "tn": 28.0,
    "fp": 1.0,
    "fn": 6.0
  }
}