{
  "n_train": {
    "mean": 62.4,
    "std": 0.5477225575051661,
    "min": 62.0,
    "max": 63.0
  },
  "n_val": {
    "mean": 15.6,
    "std": 0.5477225575051662,
    "min": 15.0,
    "max": 16.0
  },
  "auroc": {
    "mean": 0.46022727272727265,
    "std": 0.14841767574594744,
    "min": 0.27083333333333337,
    "max": 0.5909090909090908
  },
  "auprc": {
    "mean": 0.3930257705257705,
    "std": 0.17351345400591467,
    "min": 0.22912087912087914,
    "max": 0.6416666666666666
  },
  "accuracy": {
    "mean": 0.59,
    "std": 0.08284230333725771,
    "min": 0.5,
    "max": 0.6875
  },
  "sensitivity": {
    "mean": 0.35,
    "std": 0.22360679774997896,
    "min": 0.0,
    "max": 0.5
  },
  "specificity": {
    "mean": 0.6712121212121213,
    "std": 0.14209342624291554,
    "min": 0.5,
    "max": 0.8333333333333334
  },
  "f1": {
    "mean": 0.30447330447330445,
    "std": 0.18134802585134494,
    "min": 0.0,
    "max": 0.4444444444444445
  },
  "tp": {
    "mean": 1.6,
    "std": 1.140175425099138,
    "min": 0.0,
    "max": 3.0
  },
  "tn": {
    "mean": 7.6,
    "std": 2.073644135332772,
    "min": 5.0,
    "max": 10.0
  },
  "fp": {
    "mean": 3.6,
    "std": 1.3416407864998738,
    "min": 2.0,
    "max": 5.0
  },
  "fn": {
    "mean": 2.8,
    "std": 0.8366600265340756,
    "min": 2.0,
    "max": 4.0
  }
}