{
  "strategy_summary": [
    {
      "bootstrap_objective": "accuracy",
      "threshold_aggregation": "median",
      "n_folds": 5,
      "threshold_mean": 0.3403776121619673,
      "threshold_std": 0.0309692114451926,
      "threshold_min": 0.3007729281645735,
      "threshold_max": 0.3821643818114181,
      "fold_mean_auroc": 0.97,
      "fold_std_auroc": 0.041499665326629076,
      "fold_mean_auprc": 0.95,
      "fold_std_auprc": 0.07453559924999302,
      "fold_mean_accuracy": 0.875,
      "fold_std_accuracy": 0.08838834764831845,
      "fold_mean_sensitivity": 0.8333333333333333,
      "fold_std_sensitivity": 0.23570226039551584,
      "fold_mean_specificity": 0.9,
      "fold_std_specificity": 0.09128709291752767,
      "fold_mean_f1": 0.7799999999999999,
      "fold_std_f1": 0.1788854381999832,
      "fold_mean_tp": 1.8,
      "fold_std_tp": 0.44721359549995804,
      "fold_mean_tn": 5.2,
      "fold_std_tn": 0.44721359549995787,
      "fold_mean_fp": 0.6,
      "fold_std_fp": 0.5477225575051662,
      "fold_mean_fn": 0.4,
      "fold_std_fn": 0.5477225575051662,
      "pooled_auroc": 0.9404388714733543,
      "pooled_auprc": 0.8678486850735655,
      "pooled_accuracy": 0.875,
      "pooled_sensitivity": 0.8181818181818182,
      "pooled_specificity": 0.896551724137931,
      "pooled_f1": 0.7826086956521738,
      "pooled_tp": 9.0,
      "pooled_tn": 26.0,
      "pooled_fp": 3.0,
      "pooled_fn": 2.0
    },
    {
      "bootstrap_objective": "accuracy",
      "threshold_aggregation": "q65",
      "n_folds": 5,
      "threshold_mean": 0.3494218983953458,
      "threshold_std": 0.03581680859779387,
      "threshold_min": 0.3007729281645735,
      "threshold_max": 0.3841118750558501,
      "fold_mean_auroc": 0.97,
      "fold_std_auroc": 0.041499665326629076,
      "fold_mean_auprc": 0.95,
      "fold_std_auprc": 0.07453559924999302,
      "fold_mean_accuracy": 0.9,
      "fold_std_accuracy": 0.055901699437494734,
      "fold_mean_sensitivity": 0.8333333333333333,
      "fold_std_sensitivity": 0.23570226039551584,
      "fold_mean_specificity": 0.9333333333333333,
      "fold_std_specificity": 0.09128709291752767,
      "fold_mean_f1": 0.8133333333333332,
      "fold_std_f1": 0.11925695879998881,
      "fold_mean_tp": 1.8,
      "fold_std_tp": 0.44721359549995804,
      "fold_mean_tn": 5.4,
      "fold_std_tn": 0.5477225575051662,
      "fold_mean_fp": 0.4,
      "fold_std_fp": 0.5477225575051662,
      "fold_mean_fn": 0.4,
      "fold_std_fn": 0.5477225575051662,
      "pooled_auroc": 0.9404388714733543,
      "pooled_auprc": 0.8678486850735655,
      "pooled_accuracy": 0.9,
      "pooled_sensitivity": 0.8181818181818182,
      "pooled_specificity": 0.9310344827586207,
      "pooled_f1": 0.8181818181818182,
      "pooled_tp": 9.0,
      "pooled_tn": 27.0,
      "pooled_fp": 2.0,
      "pooled_fn": 2.0
    },
    {
      "bootstrap_objective": "accuracy",
      "threshold_aggregation": "q75",
      "n_folds": 5,
      "threshold_mean": 0.35319890541187393,
      "threshold_std": 0.02991327353156596,
      "threshold_min": 0.3196579632472137,
      "threshold_max": 0.3841118750558501,
      "fold_mean_auroc": 0.97,
      "fold_std_auroc": 0.041499665326629076,
      "fold_mean_auprc": 0.95,
      "fold_std_auprc": 0.07453559924999302,
      "fold_mean_accuracy": 0.9,
      "fold_std_accuracy": 0.055901699437494734,
      "fold_mean_sensitivity": 0.8333333333333333,
      "fold_std_sensitivity": 0.23570226039551584,
      "fold_mean_specificity": 0.9333333333333333,
      "fold_std_specificity": 0.09128709291752767,
      "fold_mean_f1": 0.8133333333333332,
      "fold_std_f1": 0.11925695879998881,
      "fold_mean_tp": 1.8,
      "fold_std_tp": 0.44721359549995804,
      "fold_mean_tn": 5.4,
      "fold_std_tn": 0.5477225575051662,
      "fold_mean_fp": 0.4,
      "fold_std_fp": 0.5477225575051662,
      "fold_mean_fn": 0.4,
      "fold_std_fn": 0.5477225575051662,
      "pooled_auroc": 0.9404388714733543,
      "pooled_auprc": 0.8678486850735655,
      "pooled_accuracy": 0.9,
      "pooled_sensitivity": 0.8181818181818182,
      "pooled_specificity": 0.9310344827586207,
      "pooled_f1": 0.8181818181818182,
      "pooled_tp": 9.0,
      "pooled_tn": 27.0,
      "pooled_fp": 2.0,
      "pooled_fn": 2.0
    }
  ],
  "fold_summary": {
    "accuracy_median": {
      "threshold_quantile": {
        "mean": 0.5,
        "std": 0.0,
        "min": 0.5,
        "max": 0.5
      },
      "threshold": {
        "mean": 0.3403776121619673,
        "std": 0.0309692114451926,
        "min": 0.3007729281645735,
        "max": 0.3821643818114181
      },
      "n_bootstrap": {
        "mean": 1000.0,
        "std": 0.0,
        "min": 1000.0,
        "max": 1000.0
      },
      "n_val": {
        "mean": 8.0,
        "std": 0.0,
        "min": 8.0,
        "max": 8.0
      },
      "n_val_positive": {
        "mean": 2.2,
        "std": 0.4472135954999579,
        "min": 2.0,
        "max": 3.0
      },
      "n_val_negative": {
        "mean": 5.8,
        "std": 0.4472135954999579,
        "min": 5.0,
        "max": 6.0
      },
      "source_threshold": {
        "mean": 0.34226278386016107,
        "std": 0.04277492905867491,
        "min": 0.2820715027672283,
        "max": 0.3841118750558501
      },
      "auroc": {
        "mean": 0.97,
        "std": 0.041499665326629076,
        "min": 0.9166666666666667,
        "max": 1.0
      },
      "auprc": {
        "mean": 0.95,
        "std": 0.07453559924999302,
        "min": 0.8333333333333333,
        "max": 1.0
      },
      "accuracy": {
        "mean": 0.875,
        "std": 0.08838834764831845,
        "min": 0.75,
        "max": 1.0
      },
      "sensitivity": {
        "mean": 0.8333333333333333,
        "std": 0.23570226039551584,
        "min": 0.5,
        "max": 1.0
      },
      "specificity": {
        "mean": 0.9,
        "std": 0.09128709291752767,
        "min": 0.8333333333333334,
        "max": 1.0
      },
      "f1": {
        "mean": 0.7799999999999999,
        "std": 0.1788854381999832,
        "min": 0.5,
        "max": 1.0
      },
      "tp": {
        "mean": 1.8,
        "std": 0.44721359549995804,
        "min": 1.0,
        "max": 2.0
      },
      "tn": {
        "mean": 5.2,
        "std": 0.44721359549995787,
        "min": 5.0,
        "max": 6.0
      },
      "fp": {
        "mean": 0.6,
        "std": 0.5477225575051662,
        "min": 0.0,
        "max": 1.0
      },
      "fn": {
        "mean": 0.4,
        "std": 0.5477225575051662,
        "min": 0.0,
        "max": 1.0
      },
      "oof_auroc": {
        "mean": 0.9236564009661835,
        "std": 0.01045755513860116,
        "min": 0.9082125603864735,
        "max": 0.9323671497584541
      },
      "oof_auprc": {
        "mean": 0.7758034712201379,
        "std": 0.04186295430373966,
        "min": 0.723577040243707,
        "max": 0.8263227513227513
      },
      "oof_accuracy": {
        "mean": 0.9,
        "std": 0.02614562582918986,
        "min": 0.875,
        "max": 0.9375
      },
      "oof_sensitivity": {
        "mean": 0.8416666666666666,
        "std": 0.09801265980209638,
        "min": 0.7777777777777778,
        "max": 1.0
      },
      "oof_specificity": {
        "mean": 0.9228260869565217,
        "std": 0.03445840757423341,
        "min": 0.875,
        "max": 0.9565217391304348
      },
      "oof_f1": {
        "mean": 0.8205228758169936,
        "std": 0.04997243889879488,
        "min": 0.7777777777777777,
        "max": 0.9
      },
      "oof_tp": {
        "mean": 7.4,
        "std": 0.8944271909999157,
        "min": 7.0,
        "max": 9.0
      },
      "oof_tn": {
        "mean": 21.4,
        "std": 0.5477225575051661,
        "min": 21.0,
        "max": 22.0
      },
      "oof_fp": {
        "mean": 1.8,
        "std": 0.8366600265340756,
        "min": 1.0,
        "max": 3.0
      },
      "oof_fn": {
        "mean": 1.4,
        "std": 0.8944271909999159,