{
  "device": "cuda",
  "n_trials": 78,
  "n_subjects": 40,
  "feature_count": 20,
  "threshold_strategy": "youden",
  "fold_summary": {
    "n_train": {
      "mean": 32.0,
      "std": 0.0,
      "min": 32.0,
      "max": 32.0
    },
    "n_val": {
      "mean": 8.0,
      "std": 0.0,
      "min": 8.0,
      "max": 8.0
    },
    "best_epoch": {
      "mean": 10.2,
      "std": 6.833739825307955,
      "min": 1.0,
      "max": 17.0
    },
    "pos_weight": {
      "mean": 1.435722084738464,
      "std": 0.027556756496401727,
      "min": 1.4233983285853913,
      "max": 1.4850171093507545
    },
    "weighted_sampler": {
      "mean": 1.0,
      "std": 0.0,
      "min": 1.0,
      "max": 1.0
    },
    "loss_gamma": {
      "mean": 1.5,
      "std": 0.0,
      "min": 1.5,
      "max": 1.5
    },
    "loss_neg_weight": {
      "mean": 0.5642779152615361,
      "std": 0.027556756496401727,
      "min": 0.5149828906492455,
      "max": 0.5766016714146087
    },
    "threshold": {
      "mean": 0.588080768108368,
      "std": 0.045376048650463956,
      "min": 0.5117930769920349,
      "max": 0.625
    },
    "train_threshold_objective": {
      "mean": 0.7810386473429951,
      "std": 0.24602860327745746,
      "min": 0.36231884057971,
      "max": 0.9583333333333335
    },
    "loss_cb_beta": {
      "mean": 0.9949999999999999,
      "std": 1.2412670766236366e-16,
      "min": 0.995,
      "max": 0.995
    },
    "auroc": {
      "mean": 0.9533333333333335,
      "std": 0.07302967433402213,
      "min": 0.8333333333333334,
      "max": 1.0
    },
    "auprc": {
      "mean": 0.9,
      "std": 0.18066236157232335,
      "min": 0.5833333333333333,
      "max": 1.0
    },
    "accuracy": {
      "mean": 0.8,
      "std": 0.06846531968814576,
      "min": 0.75,
      "max": 0.875
    },
    "sensitivity": {
      "mean": 0.8333333333333333,
      "std": 0.23570226039551584,
      "min": 0.5,
      "max": 1.0
    },
    "specificity": {
      "mean": 0.7933333333333333,
      "std": 0.13824294235551815,
      "min": 0.6666666666666666,
      "max": 1.0
    },
    "f1": {
      "mean": 0.6933333333333334,
      "std": 0.05962847939999443,
      "min": 0.6666666666666666,
      "max": 0.8
    },
    "tp": {
      "mean": 1.8,
      "std": 0.44721359549995804,
      "min": 1.0,
      "max": 2.0
    },
    "tn": {
      "mean": 4.6,
      "std": 0.8944271909999159,
      "min": 4.0,
      "max": 6.0
    },
    "fp": {
      "mean": 1.2,
      "std": 0.8366600265340756,
      "min": 0.0,
      "max": 2.0
    },
    "fn": {
      "mean": 0.4,
      "std": 0.5477225575051662,
      "min": 0.0,
      "max": 1.0
    },
    "val_loss": {
      "mean": 0.16024360656738282,
      "std": 0.02178286262311536,
      "min": 0.1376005858182907,
      "max": 0.1923505663871765
    }
  }
}