{
  "device": "cuda",
  "n_trials": 78,
  "n_subjects": 40,
  "feature_count": 20,
  "loss": "bce",
  "positive_class_weight": 1.0,
  "weighted_sampler": true,
  "ensemble_size": 10,
  "calibration": "platt",
  "nested_threshold": true,
  "threshold_strategy": "accuracy",
  "fold_summary": {
    "n_train": {
      "mean": 32.0,
      "std": 0.0,
      "min": 32.0,
      "max": 32.0
    },
    "n_val": {
      "mean": 8.0,
      "std": 0.0,
      "min": 8.0,
      "max": 8.0
    },
    "ensemble_size": {
      "mean": 10.0,
      "std": 0.0,
      "min": 10.0,
      "max": 10.0
    },
    "inner_splits": {
      "mean": 4.0,
      "std": 0.0,
      "min": 4.0,
      "max": 4.0
    },
    "inner_best_epoch_mean": {
      "mean": 14.435000000000002,
      "std": 2.180782543033578,
      "min": 11.075,
      "max": 16.65
    },
    "inner_best_epoch_median": {
      "mean": 13.6,
      "std": 3.3800887562311144,
      "min": 8.0,
      "max": 16.5
    },
    "final_epochs": {
      "mean": 20.0,
      "std": 0.0,
      "min": 20.0,
      "max": 20.0
    },
    "pos_weight": {
      "mean": 1.0,
      "std": 0.0,
      "min": 1.0,
      "max": 1.0
    },
    "weighted_sampler": {
      "mean": 1.0,
      "std": 0.0,
      "min": 1.0,
      "max": 1.0
    },
    "loss_gamma": {
      "mean": 0.0,
      "std": 0.0,
      "min": 0.0,
      "max": 0.0
    },
    "loss_neg_weight": {
      "mean": 1.0,
      "std": 0.0,
      "min": 1.0,
      "max": 1.0
    },
    "calibration_coef": {
      "mean": 1.73213785975123,
      "std": 0.0335730774671189,
      "min": 1.6904264494589196,
      "max": 1.7761656224816742
    },
    "calibration_intercept": {
      "mean": -0.8504179033094603,
      "std": 0.12081585107217951,
      "min": -1.055968534877638,
      "max": -0.7620079456274216
    },
    "threshold": {
      "mean": 0.3422627838601611,
      "std": 0.04277492905867492,
      "min": 0.2820715027672283,
      "max": 0.38411187505585015
    },
    "train_threshold_objective": {
      "mean": 0.90625,
      "std": 0.02209708691207961,
      "min": 0.875,
      "max": 0.9375
    },
    "oof_auroc_uncalibrated": {
      "mean": 0.9236564009661835,
      "std": 0.01045755513860116,
      "min": 0.9082125603864735,
      "max": 0.9323671497584541
    },
    "oof_auprc_uncalibrated": {
      "mean": 0.7758034712201379,
      "std": 0.04186295430373966,
      "min": 0.723577040243707,
      "max": 0.8263227513227513
    },
    "oof_auroc_calibrated": {
      "mean": 0.9236564009661835,
      "std": 0.01045755513860116,
      "min": 0.9082125603864735,
      "max": 0.9323671497584541
    },
    "oof_auprc_calibrated": {
      "mean": 0.7758034712201379,
      "std": 0.04186295430373966,
      "min": 0.723577040243707,
      "max": 0.8263227513227513
    },
    "val_auroc_uncalibrated": {
      "mean": 0.97,
      "std": 0.041499665326629076,
      "min": 0.9166666666666667,
      "max": 1.0
    },
    "val_auprc_uncalibrated": {
      "mean": 0.95,
      "std": 0.07453559924999302,
      "min": 0.8333333333333333,
      "max": 1.0
    },
    "val_loss": {
      "mean": 0.540536213517189,
      "std": 0.013799588368947735,
      "min": 0.5247413635253906,
      "max": 0.5585990846157074
    },
    "auroc": {
      "mean": 0.97,
      "std": 0.041499665326629076,
      "min": 0.9166666666666667,
      "max": 1.0
    },
    "auprc": {
      "mean": 0.95,
      "std": 0.07453559924999302,
      "min": 0.8333333333333333,
      "max": 1.0
    },
    "accuracy": {
      "mean": 0.875,
      "std": 0.08838834764831845,
      "min": 0.75,
      "max": 1.0
    },
    "sensitivity": {
      "mean": 0.8333333333333333,
      "std": 0.23570226039551584,
      "min": 0.5,
      "max": 1.0
    },
    "specificity": {
      "mean": 0.9,
      "std": 0.09128709291752767,
      "min": 0.8333333333333334,
      "max": 1.0
    },
    "f1": {
      "mean": 0.7799999999999999,
      "std": 0.1788854381999832,
      "min": 0.5,
      "max": 1.0
    },
    "tp": {
      "mean": 1.8,
      "std": 0.44721359549995804,
      "min": 1.0,
      "max": 2.0
    },
    "tn": {
      "mean": 5.2,
      "std": 0.44721359549995787,
      "min": 5.0,
      "max": 6.0
    },
    "fp": {
      "mean": 0.6,
      "std": 0.5477225575051662,
      "min": 0.0,
      "max": 1.0
    },
    "fn": {
      "mean": 0.4,
      "std": 0.5477225575051662,
      "min": 0.0,
      "max": 1.0
    }
  }
}