{
  "device": "cuda",
  "n_trials": 78,
  "n_subjects": 40,
  "candidate_feature_count": 658,
  "model": "linear_residual_mlp",
  "positive_class_weight": 1.0,
  "weighted_sampler": true,
  "ensemble_size": 10,
  "calibration": "platt",
  "stable_feature_selection": true,
  "anchor_current_biomarkers": true,
  "threshold_strategy": "accuracy",
  "fold_summary": {
    "n_train": {
      "mean": 32.0,
      "std": 0.0,
      "min": 32.0,
      "max": 32.0
    },
    "n_val": {
      "mean": 8.0,
      "std": 0.0,
      "min": 8.0,
      "max": 8.0
    },
    "ensemble_size": {
      "mean": 10.0,
      "std": 0.0,
      "min": 10.0,
      "max": 10.0
    },
    "inner_splits": {
      "mean": 4.0,
      "std": 0.0,
      "min": 4.0,
      "max": 4.0
    },
    "chosen_k": {
      "mean": 30.0,
      "std": 10.0,
      "min": 20.0,
      "max": 40.0
    },
    "selected_feature_count": {
      "mean": 30.0,
      "std": 10.0,
      "min": 20.0,
      "max": 40.0
    },
    "inner_best_epoch_mean": {
      "mean": 13.9,
      "std": 2.4186127222025435,
      "min": 12.6,
      "max": 18.2
    },
    "inner_best_epoch_median": {
      "mean": 12.4,
      "std": 2.6315394733881536,
      "min": 9.5,
      "max": 16.5
    },
    "final_epochs": {
      "mean": 20.0,
      "std": 0.0,
      "min": 20.0,
      "max": 20.0
    },
    "pos_weight": {
      "mean": 1.0,
      "std": 0.0,
      "min": 1.0,
      "max": 1.0
    },
    "weighted_sampler": {
      "mean": 1.0,
      "std": 0.0,
      "min": 1.0,
      "max": 1.0
    },
    "loss_gamma": {
      "mean": 0.0,
      "std": 0.0,
      "min": 0.0,
      "max": 0.0
    },
    "loss_neg_weight": {
      "mean": 1.0,
      "std": 0.0,
      "min": 1.0,
      "max": 1.0
    },
    "calibration_coef": {
      "mean": 1.118387077126003,
      "std": 0.41145427576897375,
      "min": 0.7836730589978469,
      "max": 1.7474897221852577
    },
    "calibration_intercept": {
      "mean": -0.954445704090533,
      "std": 0.08371005806637656,
      "min": -1.1026525357352508,
      "max": -0.9037206605668332
    },
    "threshold": {
      "mean": 0.37539330498375983,
      "std": 0.07416863304301997,
      "min": 0.31818647911330095,
      "max": 0.49999999999999994
    },
    "train_threshold_objective": {
      "mean": 0.81875,
      "std": 0.06774838558962125,
      "min": 0.71875,
      "max": 0.90625
    },
    "oof_auroc_uncalibrated": {
      "mean": 0.7747886473429951,
      "std": 0.0946441428540397,
      "min": 0.6811594202898551,
      "max": 0.9270833333333333
    },
    "oof_auprc_uncalibrated": {
      "mean": 0.656329297854111,
      "std": 0.15422909728272602,
      "min": 0.432989417989418,
      "max": 0.8583333333333334
    },
    "oof_auroc_calibrated": {
      "mean": 0.7747886473429951,
      "std": 0.0946441428540397,
      "min": 0.6811594202898551,
      "max": 0.9270833333333333
    },
    "oof_auprc_calibrated": {
      "mean": 0.656329297854111,
      "std": 0.15422909728272602,
      "min": 0.432989417989418,
      "max": 0.8583333333333334
    },
    "val_auroc_uncalibrated": {
      "mean": 0.6833333333333333,
      "std": 0.25276251480171835,
      "min": 0.3333333333333333,
      "max": 1.0
    },
    "val_auprc_uncalibrated": {
      "mean": 0.6173809523809524,
      "std": 0.2603846578967878,
      "min": 0.3666666666666667,
      "max": 1.0
    },
    "val_loss": {
      "mean": 0.7239827740192414,
      "std": 0.059492496376683995,
      "min": 0.6564768373966217,
      "max": 0.8083206593990326
    },
    "auroc": {
      "mean": 0.6833333333333333,
      "std": 0.25276251480171835,
      "min": 0.3333333333333333,
      "max": 1.0
    },
    "auprc": {
      "mean": 0.6173809523809524,
      "std": 0.2603846578967878,
      "min": 0.3666666666666667,
      "max": 1.0
    },
    "accuracy": {
      "mean": 0.725,
      "std": 0.13693063937629152,
      "min": 0.5,
      "max": 0.875
    },
    "sensitivity": {
      "mean": 0.26666666666666666,
      "std": 0.43461349368017665,
      "min": 0.0,
      "max": 1.0
    },
    "specificity": {
      "mean": 0.8866666666666667,
      "std": 0.1757523510195209,
      "min": 0.6,
      "max": 1.0
    },
    "f1": {
      "mean": 0.22666666666666666,
      "std": 0.3515047020390418,
      "min": 0.0,
      "max": 0.8
    },
    "tp": {
      "mean": 0.6,
      "std": 0.8944271909999159,
      "min": 0.0,
      "max": 2.0
    },
    "tn": {
      "mean": 5.2,
      "std": 1.3038404810405297,
      "min": 3.0,
      "max": 6.0
    },
    "fp": {
      "mean": 0.6,
      "std": 0.8944271909999157,
      "min": 0.0,
      "max": 2.0
    },
    "fn": {
      "mean": 1.6,
      "std": 0.8944271909999161,
      "min": 0.0,
      "max": 2.0
    }
  }
}