{
  "device": "cuda",
  "n_trials": 78,
  "n_subjects": 40,
  "feature_count": 20,
  "loss": "bce",
  "positive_class_weight": 1.0,
  "weighted_sampler": true,
  "calibration": "platt",
  "nested_threshold": true,
  "threshold_strategy": "accuracy",
  "fold_summary": {
    "n_train": {
      "mean": 32.0,
      "std": 0.0,
      "min": 32.0,
      "max": 32.0
    },
    "n_val": {
      "mean": 8.0,
      "std": 0.0,
      "min": 8.0,
      "max": 8.0
    },
    "inner_splits": {
      "mean": 4.0,
      "std": 0.0,
      "min": 4.0,
      "max": 4.0
    },
    "inner_best_epoch_mean": {
      "mean": 16.25,
      "std": 5.725491245299393,
      "min": 6.75,
      "max": 20.5
    },
    "inner_best_epoch_median": {
      "mean": 16.5,
      "std": 5.947688626685159,
      "min": 6.5,
      "max": 21.0
    },
    "final_epochs": {
      "mean": 20.4,
      "std": 0.5477225575051661,
      "min": 20.0,
      "max": 21.0
    },
    "pos_weight": {
      "mean": 1.0,
      "std": 0.0,
      "min": 1.0,
      "max": 1.0
    },
    "weighted_sampler": {
      "mean": 1.0,
      "std": 0.0,
      "min": 1.0,
      "max": 1.0
    },
    "loss_gamma": {
      "mean": 0.0,
      "std": 0.0,
      "min": 0.0,
      "max": 0.0
    },
    "loss_neg_weight": {
      "mean": 1.0,
      "std": 0.0,
      "min": 1.0,
      "max": 1.0
    },
    "calibration_coef": {
      "mean": 1.2933820167763563,
      "std": 0.1998847510393951,
      "min": 1.0488982692977937,
      "max": 1.5480022449977726
    },
    "calibration_intercept": {
      "mean": -0.901001367073128,
      "std": 0.06800576126862443,
      "min": -0.9629765207099836,
      "max": -0.7948898508988483
    },
    "threshold": {
      "mean": 0.39747821107509235,
      "std": 0.02925168592180001,
      "min": 0.34844875381971513,
      "max": 0.42340177674128127
    },
    "train_threshold_objective": {
      "mean": 0.8125,
      "std": 0.02209708691207961,
      "min": 0.78125,
      "max": 0.84375
    },
    "oof_auroc_uncalibrated": {
      "mean": 0.8128925120772946,
      "std": 0.046344848036182405,
      "min": 0.7536231884057971,
      "max": 0.8647342995169083
    },
    "oof_auprc_uncalibrated": {
      "mean": 0.6264910917542496,
      "std": 0.075625163164493,
      "min": 0.513631221719457,
      "max": 0.7058922558922558
    },
    "oof_auroc_calibrated": {
      "mean": 0.8128925120772946,
      "std": 0.046344848036182405,
      "min": 0.7536231884057971,
      "max": 0.8647342995169083
    },
    "oof_auprc_calibrated": {
      "mean": 0.6264910917542496,
      "std": 0.075625163164493,
      "min": 0.513631221719457,
      "max": 0.7058922558922558
    },
    "val_auroc_uncalibrated": {
      "mean": 0.9566666666666667,
      "std": 0.061913918736689014,
      "min": 0.8666666666666667,
      "max": 1.0
    },
    "val_auprc_uncalibrated": {
      "mean": 0.9277777777777778,
      "std": 0.09938079899999067,
      "min": 0.8055555555555556,
      "max": 1.0
    },
    "val_loss": {
      "mean": 0.5594919919967651,
      "std": 0.03690861965358977,
      "min": 0.5228868722915649,
      "max": 0.5970755219459534
    },
    "auroc": {
      "mean": 0.9566666666666667,
      "std": 0.061913918736689014,
      "min": 0.8666666666666667,
      "max": 1.0
    },
    "auprc": {
      "mean": 0.9277777777777778,
      "std": 0.09938079899999067,
      "min": 0.8055555555555556,
      "max": 1.0
    },
    "accuracy": {
      "mean": 0.85,
      "std": 0.16298006013006622,
      "min": 0.625,
      "max": 1.0
    },
    "sensitivity": {
      "mean": 0.5666666666666667,
      "std": 0.4346134936801766,
      "min": 0.0,
      "max": 1.0
    },
    "specificity": {
      "mean": 0.96,
      "std": 0.08944271909999157,
      "min": 0.8,
      "max": 1.0
    },
    "f1": {
      "mean": 0.6133333333333333,
      "std": 0.4253103442063088,
      "min": 0.0,
      "max": 1.0
    },
    "tp": {
      "mean": 1.2,
      "std": 0.8366600265340756,
      "min": 0.0,
      "max": 2.0
    },
    "tn": {
      "mean": 5.6,
      "std": 0.8944271909999159,
      "min": 4.0,
      "max": 6.0
    },
    "fp": {
      "mean": 0.2,
      "std": 0.44721359549995804,
      "min": 0.0,
      "max": 1.0
    },
    "fn": {
      "mean": 1.0,
      "std": 1.0,
      "min": 0.0,
      "max": 2.0
    }
  }
}