{
  "device": "cuda",
  "n_trials": 78,
  "n_subjects": 40,
  "feature_count": 20,
  "threshold_strategy": "f1",
  "fold_summary": {
    "n_train": {
      "mean": 32.0,
      "std": 0.0,
      "min": 32.0,
      "max": 32.0
    },
    "n_val": {
      "mean": 8.0,
      "std": 0.0,
      "min": 8.0,
      "max": 8.0
    },
    "best_epoch": {
      "mean": 10.2,
      "std": 6.833739825307955,
      "min": 1.0,
      "max": 17.0
    },
    "pos_weight": {
      "mean": 1.435722084738464,
      "std": 0.027556756496401727,
      "min": 1.4233983285853913,
      "max": 1.4850171093507545
    },
    "weighted_sampler": {
      "mean": 1.0,
      "std": 0.0,
      "min": 1.0,
      "max": 1.0
    },
    "loss_gamma": {
      "mean": 1.5,
      "std": 0.0,
      "min": 1.5,
      "max": 1.5
    },
    "loss_neg_weight": {
      "mean": 0.5642779152615361,
      "std": 0.027556756496401727,
      "min": 0.5149828906492455,
      "max": 0.5766016714146087
    },
    "threshold": {
      "mean": 0.5920807681083678,
      "std": 0.049580017245313565,
      "min": 0.5117930769920349,
      "max": 0.6399999999999999
    },
    "train_threshold_objective": {
      "mean": 0.8255614973262032,
      "std": 0.16687422613862984,
      "min": 0.5454545454545455,
      "max": 0.9411764705882353
    },
    "loss_cb_beta": {
      "mean": 0.9949999999999999,
      "std": 1.2412670766236366e-16,
      "min": 0.995,
      "max": 0.995
    },
    "auroc": {
      "mean": 0.9533333333333335,
      "std": 0.07302967433402213,
      "min": 0.8333333333333334,
      "max": 1.0
    },
    "auprc": {
      "mean": 0.9,
      "std": 0.18066236157232335,
      "min": 0.5833333333333333,
      "max": 1.0
    },
    "accuracy": {
      "mean": 0.775,
      "std": 0.05590169943749474,
      "min": 0.75,
      "max": 0.875
    },
    "sensitivity": {
      "mean": 0.7333333333333333,
      "std": 0.4346134936801766,
      "min": 0.0,
      "max": 1.0
    },
    "specificity": {
      "mean": 0.7933333333333333,
      "std": 0.13824294235551815,
      "min": 0.6666666666666666,
      "max": 1.0
    },
    "f1": {
      "mean": 0.5599999999999999,
      "std": 0.31832897030168855,
      "min": 0.0,
      "max": 0.8
    },
    "tp": {
      "mean": 1.6,
      "std": 0.8944271909999161,
      "min": 0.0,
      "max": 2.0
    },
    "tn": {
      "mean": 4.6,
      "std": 0.8944271909999159,
      "min": 4.0,
      "max": 6.0
    },
    "fp": {
      "mean": 1.2,
      "std": 0.8366600265340756,
      "min": 0.0,
      "max": 2.0
    },
    "fn": {
      "mean": 0.6,
      "std": 0.8944271909999159,
      "min": 0.0,
      "max": 2.0
    },
    "val_loss": {
      "mean": 0.16024360656738282,
      "std": 0.02178286262311536,
      "min": 0.1376005858182907,
      "max": 0.1923505663871765
    }
  }
}