{
  "device": "cuda",
  "n_trials": 78,
  "n_subjects": 40,
  "candidate_feature_count": 658,
  "model": "biomarker_mlp",
  "positive_class_weight": 1.0,
  "weighted_sampler": true,
  "ensemble_size": 10,
  "calibration": "platt",
  "stable_feature_selection": true,
  "anchor_current_biomarkers": true,
  "threshold_strategy": "balanced_accuracy",
  "fold_summary": {
    "n_train": {
      "mean": 32.0,
      "std": 0.0,
      "min": 32.0,
      "max": 32.0
    },
    "n_val": {
      "mean": 8.0,
      "std": 0.0,
      "min": 8.0,
      "max": 8.0
    },
    "ensemble_size": {
      "mean": 10.0,
      "std": 0.0,
      "min": 10.0,
      "max": 10.0
    },
    "inner_splits": {
      "mean": 4.0,
      "std": 0.0,
      "min": 4.0,
      "max": 4.0
    },
    "chosen_k": {
      "mean": 30.0,
      "std": 10.0,
      "min": 20.0,
      "max": 40.0
    },
    "selected_feature_count": {
      "mean": 30.0,
      "std": 10.0,
      "min": 20.0,
      "max": 40.0
    },
    "inner_best_epoch_mean": {
      "mean": 14.3,
      "std": 2.608459794591436,
      "min": 12.6,
      "max": 18.9
    },
    "inner_best_epoch_median": {
      "mean": 14.4,
      "std": 3.4168699126539774,
      "min": 11.5,
      "max": 20.0
    },
    "final_epochs": {
      "mean": 20.0,
      "std": 0.0,
      "min": 20.0,
      "max": 20.0
    },
    "pos_weight": {
      "mean": 1.0,
      "std": 0.0,
      "min": 1.0,
      "max": 1.0
    },
    "weighted_sampler": {
      "mean": 1.0,
      "std": 0.0,
      "min": 1.0,
      "max": 1.0
    },
    "loss_gamma": {
      "mean": 0.0,
      "std": 0.0,
      "min": 0.0,
      "max": 0.0
    },
    "loss_neg_weight": {
      "mean": 1.0,
      "std": 0.0,
      "min": 1.0,
      "max": 1.0
    },
    "calibration_coef": {
      "mean": 1.8219671901894572,
      "std": 0.26119296340826187,
      "min": 1.4899849616102538,
      "max": 2.1483265543987717
    },
    "calibration_intercept": {
      "mean": -0.8390760570043841,
      "std": 0.121175385922953,
      "min": -1.0000994592602217,
      "max": -0.6765576120562722
    },
    "threshold": {
      "mean": 0.31289980733527695,
      "std": 0.03401676544533868,
      "min": 0.270072922473946,
      "max": 0.3567766062936082
    },
    "train_threshold_objective": {
      "mean": 0.9021135265700485,
      "std": 0.07170509143005606,
      "min": 0.8260869565217391,
      "max": 0.9791666666666667
    },
    "oof_auroc_uncalibrated": {
      "mean": 0.9212107487922706,
      "std": 0.06312517878784199,
      "min": 0.821256038647343,
      "max": 0.9855072463768116
    },
    "oof_auprc_uncalibrated": {
      "mean": 0.8213524715117853,
      "std": 0.11546666771135577,
      "min": 0.6405862111744465,
      "max": 0.9626543209876544
    },
    "oof_auroc_calibrated": {
      "mean": 0.9212107487922706,
      "std": 0.06312517878784199,
      "min": 0.821256038647343,
      "max": 0.9855072463768116
    },
    "oof_auprc_calibrated": {
      "mean": 0.8213524715117853,
      "std": 0.11546666771135577,
      "min": 0.6405862111744465,
      "max": 0.9626543209876544
    },
    "val_auroc_uncalibrated": {
      "mean": 0.64,
      "std": 0.3997568705545354,
      "min": 0.0,
      "max": 1.0
    },
    "val_auprc_uncalibrated": {
      "mean": 0.5992857142857143,
      "std": 0.3182332356782513,
      "min": 0.19642857142857142,
      "max": 1.0
    },
    "val_loss": {
      "mean": 0.6392000097036362,
      "std": 0.10208206813350663,
      "min": 0.528697082400322,
      "max": 0.7729657471179963
    },
    "auroc": {
      "mean": 0.64,
      "std": 0.3997568705545354,
      "min": 0.0,
      "max": 1.0
    },
    "auprc": {
      "mean": 0.5992857142857143,
      "std": 0.3182332356782513,
      "min": 0.19642857142857142,
      "max": 1.0
    },
    "accuracy": {
      "mean": 0.675,
      "std": 0.18957188610128875,
      "min": 0.375,
      "max": 0.875
    },
    "sensitivity": {
      "mean": 0.5666666666666667,
      "std": 0.4346134936801766,
      "min": 0.0,
      "max": 1.0
    },
    "specificity": {
      "mean": 0.7266666666666667,
      "std": 0.14414498873626438,
      "min": 0.5,
      "max": 0.8333333333333334
    },
    "f1": {
      "mean": 0.4733333333333333,
      "std": 0.3058685265854523,
      "min": 0.0,
      "max": 0.8
    },
    "tp": {
      "mean": 1.2,
      "std": 0.8366600265340756,
      "min": 0.0,
      "max": 2.0
    },
    "tn": {
      "mean": 4.2,
      "std": 0.8366600265340756,
      "min": 3.0,
      "max": 5.0
    },
    "fp": {
      "mean": 1.6,
      "std": 0.8944271909999159,
      "min": 1.0,
      "max": 3.0
    },
    "fn": {
      "mean": 1.0,
      "std": 1.0,
      "min": 0.0,
      "max": 2.0
    }
  }
}