{
  "device": "cuda",
  "n_trials": 78,
  "n_subjects": 40,
  "candidate_feature_count": 658,
  "model": "linear_residual_mlp",
  "positive_class_weight": 1.0,
  "weighted_sampler": true,
  "ensemble_size": 10,
  "calibration": "platt",
  "stable_feature_selection": true,
  "threshold_strategy": "accuracy",
  "fold_summary": {
    "n_train": {
      "mean": 32.0,
      "std": 0.0,
      "min": 32.0,
      "max": 32.0
    },
    "n_val": {
      "mean": 8.0,
      "std": 0.0,
      "min": 8.0,
      "max": 8.0
    },
    "ensemble_size": {
      "mean": 10.0,
      "std": 0.0,
      "min": 10.0,
      "max": 10.0
    },
    "inner_splits": {
      "mean": 4.0,
      "std": 0.0,
      "min": 4.0,
      "max": 4.0
    },
    "chosen_k": {
      "mean": 26.0,
      "std": 5.477225575051661,
      "min": 20.0,
      "max": 30.0
    },
    "selected_feature_count": {
      "mean": 26.0,
      "std": 5.477225575051661,
      "min": 20.0,
      "max": 30.0
    },
    "inner_best_epoch_mean": {
      "mean": 16.13,
      "std": 2.4392878058974508,
      "min": 13.625,
      "max": 18.825
    },
    "inner_best_epoch_median": {
      "mean": 14.1,
      "std": 4.263214749458442,
      "min": 9.5,
      "max": 18.5
    },
    "final_epochs": {
      "mean": 20.0,
      "std": 0.0,
      "min": 20.0,
      "max": 20.0
    },
    "pos_weight": {
      "mean": 1.0,
      "std": 0.0,
      "min": 1.0,
      "max": 1.0
    },
    "weighted_sampler": {
      "mean": 1.0,
      "std": 0.0,
      "min": 1.0,
      "max": 1.0
    },
    "loss_gamma": {
      "mean": 0.0,
      "std": 0.0,
      "min": 0.0,
      "max": 0.0
    },
    "loss_neg_weight": {
      "mean": 1.0,
      "std": 0.0,
      "min": 1.0,
      "max": 1.0
    },
    "calibration_coef": {
      "mean": 0.906429308958662,
      "std": 0.2703154946456717,
      "min": 0.6307445850493143,
      "max": 1.2908052508955064
    },
    "calibration_intercept": {
      "mean": -0.9261583947687045,
      "std": 0.05999765251609879,
      "min": -1.0199820336895684,
      "max": -0.8522932100946127
    },
    "threshold": {
      "mean": 0.319906510803725,
      "std": 0.03711641342042215,
      "min": 0.2747675302171461,
      "max": 0.3610698754898685
    },
    "train_threshold_objective": {
      "mean": 0.7875,
      "std": 0.03423265984407289,
      "min": 0.75,
      "max": 0.8125
    },
    "oof_auroc_uncalibrated": {
      "mean": 0.728834541062802,
      "std": 0.07676807821709905,
      "min": 0.6376811594202898,
      "max": 0.8229166666666667
    },
    "oof_auprc_uncalibrated": {
      "mean": 0.5551303189708208,
      "std": 0.0726796436903515,
      "min": 0.46063627730294393,
      "max": 0.6464566297899631
    },
    "oof_auroc_calibrated": {
      "mean": 0.728834541062802,
      "std": 0.07676807821709905,
      "min": 0.6376811594202898,
      "max": 0.8229166666666667
    },
    "oof_auprc_calibrated": {
      "mean": 0.5551303189708208,
      "std": 0.0726796436903515,
      "min": 0.46063627730294393,
      "max": 0.6464566297899631
    },
    "val_auroc_uncalibrated": {
      "mean": 0.32999999999999996,
      "std": 0.2501110864307209,
      "min": 0.08333333333333331,
      "max": 0.7333333333333333
    },
    "val_auprc_uncalibrated": {
      "mean": 0.348015873015873,
      "std": 0.21256381224384407,
      "min": 0.20833333333333331,
      "max": 0.7222222222222223
    },
    "val_loss": {
      "mean": 0.7611106967926025,
      "std": 0.0394036821080756,
      "min": 0.7002384424209595,
      "max": 0.8084553718566895
    },
    "auroc": {
      "mean": 0.32999999999999996,
      "std": 0.2501110864307209,
      "min": 0.08333333333333331,
      "max": 0.7333333333333333
    },
    "auprc": {
      "mean": 0.348015873015873,
      "std": 0.21256381224384407,
      "min": 0.20833333333333331,
      "max": 0.7222222222222223
    },
    "accuracy": {
      "mean": 0.65,
      "std": 0.22360679774997896,
      "min": 0.25,
      "max": 0.75
    },
    "sensitivity": {
      "mean": 0.2333333333333333,
      "std": 0.32489314482696546,
      "min": 0.0,
      "max": 0.6666666666666666
    },
    "specificity": {
      "mean": 0.7933333333333332,
      "std": 0.36086316273931623,
      "min": 0.16666666666666666,
      "max": 1.0
    },
    "f1": {
      "mean": 0.18333333333333332,
      "std": 0.291070819942883,
      "min": 0.0,
      "max": 0.6666666666666666
    },
    "tp": {
      "mean": 0.6,
      "std": 0.8944271909999159,
      "min": 0.0,
      "max": 2.0
    },
    "tn": {
      "mean": 4.6,
      "std": 2.1908902300206643,
      "min": 1.0,
      "max": 6.0
    },
    "fp": {
      "mean": 1.2,
      "std": 2.16794833886788,
      "min": 0.0,
      "max": 5.0
    },
    "fn": {
      "mean": 1.6,
      "std": 0.5477225575051661,
      "min": 1.0,
      "max": 2.0
    }
  }
}