{
  "device": "cuda",
  "n_trials": 78,
  "n_subjects": 40,
  "tabular_feature_count": 54,
  "threshold_strategy": "youden",
  "fold_summary": {
    "n_train": {
      "mean": 62.4,
      "std": 0.5477225575051661,
      "min": 62.0,
      "max": 63.0
    },
    "n_val": {
      "mean": 15.6,
      "std": 0.5477225575051662,
      "min": 15.0,
      "max": 16.0
    },
    "best_epoch": {
      "mean": 5.8,
      "std": 4.266145801540309,
      "min": 1.0,
      "max": 10.0
    },
    "pos_weight": {
      "mean": 0.7179723502304147,
      "std": 0.013592517238481672,
      "min": 0.7096774193548387,
      "max": 0.7419354838709677
    },
    "weighted_sampler": {
      "mean": 1.0,
      "std": 0.0,
      "min": 1.0,
      "max": 1.0
    },
    "loss_gamma": {
      "mean": 2.0,
      "std": 0.0,
      "min": 2.0,
      "max": 2.0
    },
    "loss_neg_weight": {
      "mean": 0.2820276497695852,
      "std": 0.013592517238481672,
      "min": 0.25806451612903225,
      "max": 0.29032258064516125
    },
    "threshold": {
      "mean": 0.5727331075668334,
      "std": 0.04518751555770849,
      "min": 0.5249999999999999,
      "max": 0.6467000842094421
    },
    "train_threshold_objective": {
      "mean": 0.6852184892402284,
      "std": 0.25496023760125613,
      "min": 0.2690217391304348,
      "max": 0.9555555555555557
    },
    "auroc": {
      "mean": 0.6209848484848485,
      "std": 0.14297012168035886,
      "min": 0.40909090909090906,
      "max": 0.7500000000000001
    },
    "auprc": {
      "mean": 0.52489417989418,
      "std": 0.14183849543106483,
      "min": 0.3547619047619047,
      "max": 0.7214285714285714
    },
    "accuracy": {
      "mean": 0.6675,
      "std": 0.14703079798312854,
      "min": 0.5,
      "max": 0.875
    },
    "sensitivity": {
      "mean": 0.36666666666666664,
      "std": 0.12638125740085918,
      "min": 0.25,
      "max": 0.5
    },
    "specificity": {
      "mean": 0.7839393939393939,
      "std": 0.15517400405195772,
      "min": 0.5833333333333334,
      "max": 1.0
    },
    "f1": {
      "mean": 0.40320346320346323,
      "std": 0.18401313728102,
      "min": 0.2,
      "max": 0.6666666666666666
    },
    "tp": {
      "mean": 1.6,
      "std": 0.5477225575051661,
      "min": 1.0,
      "max": 2.0
    },
    "tn": {
      "mean": 8.8,
      "std": 2.0493901531919194,
      "min": 7.0,
      "max": 12.0
    },
    "fp": {
      "mean": 2.4,
      "std": 1.816590212458495,
      "min": 0.0,
      "max": 5.0
    },
    "fn": {
      "mean": 2.8,
      "std": 0.8366600265340756,
      "min": 2.0,
      "max": 4.0
    },
    "val_loss": {
      "mean": 0.07054986469447613,
      "std": 0.00839573337472175,
      "min": 0.06100459024310112,
      "max": 0.0779707171022892
    }
  }
}