{
  "device": "cuda",
  "n_trials": 78,
  "n_subjects": 40,
  "tabular_feature_count": 54,
  "threshold_strategy": "youden",
  "fold_summary": {
    "n_train": {
      "mean": 62.4,
      "std": 0.5477225575051661,
      "min": 62.0,
      "max": 63.0
    },
    "n_val": {
      "mean": 15.6,
      "std": 0.5477225575051662,
      "min": 15.0,
      "max": 16.0
    },
    "best_epoch": {
      "mean": 11.8,
      "std": 10.73312629199899,
      "min": 1.0,
      "max": 25.0
    },
    "pos_weight": {
      "mean": 1.430458707253654,
      "std": 0.027033350969680195,
      "min": 1.4140085128065871,
      "max": 1.4781331648844378
    },
    "weighted_sampler": {
      "mean": 1.0,
      "std": 0.0,
      "min": 1.0,
      "max": 1.0
    },
    "loss_gamma": {
      "mean": 1.5,
      "std": 0.0,
      "min": 1.5,
      "max": 1.5
    },
    "loss_neg_weight": {
      "mean": 0.5695412927463458,
      "std": 0.02703335096968026,
      "min": 0.5218668351155621,
      "max": 0.585991487193413
    },
    "threshold": {
      "mean": 0.5914384860992432,
      "std": 0.014272805801355135,
      "min": 0.58,
      "max": 0.6123331785202026
    },
    "train_threshold_objective": {
      "mean": 0.8192830478700044,
      "std": 0.21564580443421572,
      "min": 0.5135869565217392,
      "max": 1.0
    },
    "loss_cb_beta": {
      "mean": 0.999,
      "std": 0.0,
      "min": 0.999,
      "max": 0.999
    },
    "auroc": {
      "mean": 0.6826515151515151,
      "std": 0.1853175710987576,
      "min": 0.5,
      "max": 0.9090909090909091
    },
    "auprc": {
      "mean": 0.6198941798941799,
      "std": 0.15654862773306294,
      "min": 0.475,
      "max": 0.8166666666666667
    },
    "accuracy": {
      "mean": 0.6683333333333333,
      "std": 0.13112096832060588,
      "min": 0.5,
      "max": 0.8125
    },
    "sensitivity": {
      "mean": 0.35,
      "std": 0.13693063937629152,
      "min": 0.25,
      "max": 0.5
    },
    "specificity": {
      "mean": 0.7821212121212122,
      "std": 0.1854572687460973,
      "min": 0.5833333333333334,
      "max": 1.0
    },
    "f1": {
      "mean": 0.37897435897435894,
      "std": 0.11834381985371009,
      "min": 0.2,
      "max": 0.5
    },
    "tp": {
      "mean": 1.6,
      "std": 0.8944271909999159,
      "min": 1.0,
      "max": 3.0
    },
    "tn": {
      "mean": 8.8,
      "std": 2.3874672772626644,
      "min": 6.0,
      "max": 12.0
    },
    "fp": {
      "mean": 2.4,
      "std": 2.073644135332772,
      "min": 0.0,
      "max": 5.0
    },
    "fn": {
      "mean": 2.8,
      "std": 0.4472135954999579,
      "min": 2.0,
      "max": 3.0
    },
    "val_loss": {
      "mean": 0.21371049284934998,
      "std": 0.05652510570212052,
      "min": 0.15960895642638206,
      "max": 0.3049192614853382
    }
  }
}