{
  "device": "cuda",
  "n_trials": 78,
  "n_subjects": 40,
  "tabular_feature_count": 54,
  "threshold_strategy": "f1",
  "fold_summary": {
    "n_train": {
      "mean": 62.4,
      "std": 0.5477225575051661,
      "min": 62.0,
      "max": 63.0
    },
    "n_val": {
      "mean": 15.6,
      "std": 0.5477225575051662,
      "min": 15.0,
      "max": 16.0
    },
    "best_epoch": {
      "mean": 5.8,
      "std": 4.266145801540309,
      "min": 1.0,
      "max": 10.0
    },
    "pos_weight": {
      "mean": 0.7179723502304147,
      "std": 0.013592517238481672,
      "min": 0.7096774193548387,
      "max": 0.7419354838709677
    },
    "weighted_sampler": {
      "mean": 1.0,
      "std": 0.0,
      "min": 1.0,
      "max": 1.0
    },
    "loss_gamma": {
      "mean": 2.0,
      "std": 0.0,
      "min": 2.0,
      "max": 2.0
    },
    "loss_neg_weight": {
      "mean": 0.2820276497695852,
      "std": 0.013592517238481672,
      "min": 0.25806451612903225,
      "max": 0.29032258064516125
    },
    "threshold": {
      "mean": 0.5603509697914123,
      "std": 0.022493769769210498,
      "min": 0.5249999999999999,
      "max": 0.5808969140052795
    },
    "train_threshold_objective": {
      "mean": 0.757460753468013,
      "std": 0.17139727465639076,
      "min": 0.48275862068965514,
      "max": 0.9473684210526316
    },
    "auroc": {
      "mean": 0.6209848484848485,
      "std": 0.14297012168035886,
      "min": 0.40909090909090906,
      "max": 0.7500000000000001
    },
    "auprc": {
      "mean": 0.52489417989418,
      "std": 0.14183849543106483,
      "min": 0.3547619047619047,
      "max": 0.7214285714285714
    },
    "accuracy": {
      "mean": 0.6799999999999999,
      "std": 0.1382680568879,
      "min": 0.5,
      "max": 0.875
    },
    "sensitivity": {
      "mean": 0.5,
      "std": 0.30618621784789724,
      "min": 0.25,
      "max": 1.0
    },
    "specificity": {
      "mean": 0.7172727272727273,
      "std": 0.30370304112748475,
      "min": 0.2,
      "max": 1.0
    },
    "f1": {
      "mean": 0.46047619047619043,
      "std": 0.18600099968034084,
      "min": 0.25,
      "max": 0.6666666666666666
    },
    "tp": {
      "mean": 2.4,
      "std": 2.073644135332772,
      "min": 1.0,
      "max": 6.0
    },
    "tn": {
      "mean": 8.2,
      "std": 3.7013511046643495,
      "min": 2.0,
      "max": 12.0
    },
    "fp": {
      "mean": 3.0,
      "std": 3.0,
      "min": 0.0,
      "max": 8.0
    },
    "fn": {
      "mean": 2.0,
      "std": 1.224744871391589,
      "min": 0.0,
      "max": 3.0
    },
    "val_loss": {
      "mean": 0.07054986469447613,
      "std": 0.00839573337472175,
      "min": 0.06100459024310112,
      "max": 0.0779707171022892
    }
  }
}