{
  "device": "cuda",
  "n_trials": 78,
  "n_subjects": 40,
  "tabular_feature_count": 54,
  "threshold_strategy": "f1",
  "fold_summary": {
    "n_train": {
      "mean": 62.4,
      "std": 0.5477225575051661,
      "min": 62.0,
      "max": 63.0
    },
    "n_val": {
      "mean": 15.6,
      "std": 0.5477225575051662,
      "min": 15.0,
      "max": 16.0
    },
    "best_epoch": {
      "mean": 12.8,
      "std": 11.099549540409285,
      "min": 1.0,
      "max": 25.0
    },
    "pos_weight": {
      "mean": 1.430458707253654,
      "std": 0.027033350969680195,
      "min": 1.4140085128065871,
      "max": 1.4781331648844378
    },
    "weighted_sampler": {
      "mean": 1.0,
      "std": 0.0,
      "min": 1.0,
      "max": 1.0
    },
    "loss_gamma": {
      "mean": 2.0,
      "std": 0.0,
      "min": 2.0,
      "max": 2.0
    },
    "loss_neg_weight": {
      "mean": 0.5695412927463458,
      "std": 0.02703335096968026,
      "min": 0.5218668351155621,
      "max": 0.585991487193413
    },
    "threshold": {
      "mean": 0.5803487234115601,
      "std": 0.017101786064935825,
      "min": 0.5599999999999999,
      "max": 0.6072980761528015
    },
    "train_threshold_objective": {
      "mean": 0.8710659000442282,
      "std": 0.1669699579897214,
      "min": 0.6470588235294118,
      "max": 1.0
    },
    "loss_cb_beta": {
      "mean": 0.999,
      "std": 0.0,
      "min": 0.999,
      "max": 0.999
    },
    "auroc": {
      "mean": 0.6834090909090909,
      "std": 0.16216731502507717,
      "min": 0.5625,
      "max": 0.8863636363636364
    },
    "auprc": {
      "mean": 0.5936441798941798,
      "std": 0.17542994778809232,
      "min": 0.3547619047619047,
      "max": 0.7928571428571428
    },
    "accuracy": {
      "mean": 0.7183333333333334,
      "std": 0.10297653454387881,
      "min": 0.625,
      "max": 0.875
    },
    "sensitivity": {
      "mean": 0.3,
      "std": 0.2091650066335189,
      "min": 0.0,
      "max": 0.5
    },
    "specificity": {
      "mean": 0.8718181818181818,
      "std": 0.140188774736009,
      "min": 0.7,
      "max": 1.0
    },
    "f1": {
      "mean": 0.35,
      "std": 0.25276251480171835,
      "min": 0.0,
      "max": 0.6666666666666666
    },
    "tp": {
      "mean": 1.4,
      "std": 1.140175425099138,
      "min": 0.0,
      "max": 3.0
    },
    "tn": {
      "mean": 9.8,
      "std": 1.9235384061671346,
      "min": 7.0,
      "max": 12.0
    },
    "fp": {
      "mean": 1.4,
      "std": 1.5165750888103102,
      "min": 0.0,
      "max": 3.0
    },
    "fn": {
      "mean": 3.0,
      "std": 0.7071067811865476,
      "min": 2.0,
      "max": 4.0
    },
    "val_loss": {
      "mean": 0.15057172439992428,
      "std": 0.04664327032633406,
      "min": 0.10690058395266533,
      "max": 0.22436217963695526
    }
  }
}