{
  "device": "cuda",
  "n_trials": 78,
  "n_subjects": 40,
  "tabular_feature_count": 54,
  "threshold_strategy": "youden",
  "fold_summary": {
    "n_train": {
      "mean": 62.4,
      "std": 0.5477225575051661,
      "min": 62.0,
      "max": 63.0
    },
    "n_val": {
      "mean": 15.6,
      "std": 0.5477225575051662,
      "min": 15.0,
      "max": 16.0
    },
    "best_epoch": {
      "mean": 11.8,
      "std": 10.73312629199899,
      "min": 1.0,
      "max": 25.0
    },
    "pos_weight": {
      "mean": 1.4087290212823962,
      "std": 0.02639164094040147,
      "min": 1.3928543240294367,
      "max": 1.4553311737149637
    },
    "weighted_sampler": {
      "mean": 1.0,
      "std": 0.0,
      "min": 1.0,
      "max": 1.0
    },
    "loss_gamma": {
      "mean": 1.5,
      "std": 0.0,
      "min": 1.5,
      "max": 1.5
    },
    "loss_neg_weight": {
      "mean": 0.5912709787176035,
      "std": 0.0263916409404015,
      "min": 0.5446688262850361,
      "max": 0.6071456759705632
    },
    "threshold": {
      "mean": 0.5848956685066222,
      "std": 0.016616635115416736,
      "min": 0.57,
      "max": 0.6049807071685791
    },
    "train_threshold_objective": {
      "mean": 0.8268917435221784,
      "std": 0.20242950109827576,
      "min": 0.5516304347826086,
      "max": 1.0
    },
    "loss_cb_beta": {
      "mean": 0.9949999999999999,
      "std": 1.2412670766236366e-16,
      "min": 0.995,
      "max": 0.995
    },
    "auroc": {
      "mean": 0.6826515151515151,
      "std": 0.1853175710987576,
      "min": 0.5,
      "max": 0.9090909090909091
    },
    "auprc": {
      "mean": 0.6198941798941799,
      "std": 0.15654862773306294,
      "min": 0.475,
      "max": 0.8166666666666667
    },
    "accuracy": {
      "mean": 0.6808333333333334,
      "std": 0.1499305394730062,
      "min": 0.5,
      "max": 0.875
    },
    "sensitivity": {
      "mean": 0.4333333333333333,
      "std": 0.18066236157232332,
      "min": 0.25,
      "max": 0.6666666666666666
    },
    "specificity": {
      "mean": 0.7621212121212122,
      "std": 0.21330836630761293,
      "min": 0.5,
      "max": 1.0
    },
    "f1": {
      "mean": 0.44666666666666666,
      "std": 0.18196458751941572,
      "min": 0.2,
      "max": 0.6666666666666666
    },
    "tp": {
      "mean": 2.0,
      "std": 1.224744871391589,
      "min": 1.0,
      "max": 4.0
    },
    "tn": {
      "mean": 8.6,
      "std": 2.701851217221259,
      "min": 5.0,
      "max": 12.0
    },
    "fp": {
      "mean": 2.6,
      "std": 2.302172886644268,
      "min": 0.0,
      "max": 5.0
    },
    "fn": {
      "mean": 2.4,
      "std": 0.5477225575051661,
      "min": 2.0,
      "max": 3.0
    },
    "val_loss": {
      "mean": 0.21585084423422812,
      "std": 0.055403326501893675,
      "min": 0.16140785813331604,
      "max": 0.3044073022902012
    }
  }
}