{
  "device": "cuda",
  "n_trials": 78,
  "n_subjects": 40,
  "tabular_feature_count": 54,
  "action_order": [
    "SSC",
    "VDJ"
  ],
  "threshold_strategy": "youden",
  "fold_summary": {
    "n_train": {
      "mean": 32.0,
      "std": 0.0,
      "min": 32.0,
      "max": 32.0
    },
    "n_val": {
      "mean": 8.0,
      "std": 0.0,
      "min": 8.0,
      "max": 8.0
    },
    "best_epoch": {
      "mean": 8.0,
      "std": 12.569805089976535,
      "min": 1.0,
      "max": 30.0
    },
    "pos_weight": {
      "mean": 1.435722084738464,
      "std": 0.027556756496401727,
      "min": 1.4233983285853913,
      "max": 1.4850171093507545
    },
    "weighted_sampler": {
      "mean": 1.0,
      "std": 0.0,
      "min": 1.0,
      "max": 1.0
    },
    "loss_gamma": {
      "mean": 1.5,
      "std": 0.0,
      "min": 1.5,
      "max": 1.5
    },
    "loss_neg_weight": {
      "mean": 0.5642779152615361,
      "std": 0.027556756496401727,
      "min": 0.5149828906492455,
      "max": 0.5766016714146087
    },
    "threshold": {
      "mean": 0.561820870399475,
      "std": 0.039756020939224916,
      "min": 0.49999999999999994,
      "max": 0.605
    },
    "train_threshold_objective": {
      "mean": 0.6408212560386473,
      "std": 0.26799568613570307,
      "min": 0.4057971014492754,
      "max": 1.0
    },
    "loss_cb_beta": {
      "mean": 0.9949999999999999,
      "std": 1.2412670766236366e-16,
      "min": 0.995,
      "max": 0.995
    },
    "auroc": {
      "mean": 0.7833333333333334,
      "std": 0.1728036779443977,
      "min": 0.5833333333333334,
      "max": 1.0
    },
    "auprc": {
      "mean": 0.7233333333333333,
      "std": 0.21589606552948368,
      "min": 0.41666666666666663,
      "max": 1.0
    },
    "accuracy": {
      "mean": 0.7,
      "std": 0.2091650066335189,
      "min": 0.375,
      "max": 0.875
    },
    "sensitivity": {
      "mean": 0.4666666666666666,
      "std": 0.3613247231446467,
      "min": 0.0,
      "max": 1.0
    },
    "specificity": {
      "mean": 0.7933333333333334,
      "std": 0.2732520204255893,
      "min": 0.3333333333333333,
      "max": 1.0
    },
    "f1": {
      "mean": 0.43047619047619046,
      "std": 0.31604127288662864,
      "min": 0.0,
      "max": 0.8
    },
    "tp": {
      "mean": 1.0,
      "std": 0.7071067811865476,
      "min": 0.0,
      "max": 2.0
    },
    "tn": {
      "mean": 4.6,
      "std": 1.6733200530681511,
      "min": 2.0,
      "max": 6.0
    },
    "fp": {
      "mean": 1.2,
      "std": 1.6431676725154982,
      "min": 0.0,
      "max": 4.0
    },
    "fn": {
      "mean": 1.2,
      "std": 0.8366600265340756,
      "min": 0.0,
      "max": 2.0
    },
    "val_loss": {
      "mean": 0.20675006210803987,
      "std": 0.01578038949894808,
      "min": 0.1812664419412613,
      "max": 0.22037373483181
    }
  }
}