{
  "device": "cuda",
  "n_trials": 78,
  "n_subjects": 40,
  "tabular_feature_count": 54,
  "action_order": [
    "SSC",
    "VDJ"
  ],
  "threshold_strategy": "f1",
  "fold_summary": {
    "n_train": {
      "mean": 32.0,
      "std": 0.0,
      "min": 32.0,
      "max": 32.0
    },
    "n_val": {
      "mean": 8.0,
      "std": 0.0,
      "min": 8.0,
      "max": 8.0
    },
    "best_epoch": {
      "mean": 9.8,
      "std": 8.228000972289685,
      "min": 1.0,
      "max": 18.0
    },
    "pos_weight": {
      "mean": 1.435722084738464,
      "std": 0.027556756496401727,
      "min": 1.4233983285853913,
      "max": 1.4850171093507545
    },
    "weighted_sampler": {
      "mean": 1.0,
      "std": 0.0,
      "min": 1.0,
      "max": 1.0
    },
    "loss_gamma": {
      "mean": 1.5,
      "std": 0.0,
      "min": 1.5,
      "max": 1.5
    },
    "loss_neg_weight": {
      "mean": 0.5642779152615361,
      "std": 0.027556756496401727,
      "min": 0.5149828906492455,
      "max": 0.5766016714146087
    },
    "threshold": {
      "mean": 0.5967642664909363,
      "std": 0.045690442243339104,
      "min": 0.5499999999999999,
      "max": 0.6649999999999999
    },
    "train_threshold_objective": {
      "mean": 0.7992569659442725,
      "std": 0.1794765441062099,
      "min": 0.6,
      "max": 1.0
    },
    "loss_cb_beta": {
      "mean": 0.9949999999999999,
      "std": 1.2412670766236366e-16,
      "min": 0.995,
      "max": 0.995
    },
    "auroc": {
      "mean": 0.6066666666666667,
      "std": 0.10178954323068318,
      "min": 0.5,
      "max": 0.7500000000000001
    },
    "auprc": {
      "mean": 0.5166666666666666,
      "std": 0.10458250331675946,
      "min": 0.41666666666666663,
      "max": 0.625
    },
    "accuracy": {
      "mean": 0.675,
      "std": 0.11180339887498948,
      "min": 0.5,
      "max": 0.75
    },
    "sensitivity": {
      "mean": 0.3333333333333333,
      "std": 0.31180478223116176,
      "min": 0.0,
      "max": 0.6666666666666666
    },
    "specificity": {
      "mean": 0.78,
      "std": 0.22435091560618453,
      "min": 0.4,
      "max": 1.0
    },
    "f1": {
      "mean": 0.3,
      "std": 0.2738612787525831,
      "min": 0.0,
      "max": 0.5
    },
    "tp": {
      "mean": 0.8,
      "std": 0.8366600265340756,
      "min": 0.0,
      "max": 2.0
    },
    "tn": {
      "mean": 4.6,
      "std": 1.51657508881031,
      "min": 2.0,
      "max": 6.0
    },
    "fp": {
      "mean": 1.2,
      "std": 1.0954451150103321,
      "min": 0.0,
      "max": 3.0
    },
    "fn": {
      "mean": 1.4,
      "std": 0.5477225575051661,
      "min": 1.0,
      "max": 2.0
    },
    "val_loss": {
      "mean": 0.22774766087532045,
      "std": 0.04559554928281072,
      "min": 0.1854826658964157,
      "max": 0.30418258905410767
    }
  }
}