{
  "device": "cuda",
  "n_trials": 78,
  "n_subjects": 40,
  "tabular_feature_count": 54,
  "action_order": [
    "SSC",
    "VDJ"
  ],
  "threshold_strategy": "f1",
  "fold_summary": {
    "n_train": {
      "mean": 32.0,
      "std": 0.0,
      "min": 32.0,
      "max": 32.0
    },
    "n_val": {
      "mean": 8.0,
      "std": 0.0,
      "min": 8.0,
      "max": 8.0
    },
    "best_epoch": {
      "mean": 10.0,
      "std": 11.704699910719626,
      "min": 1.0,
      "max": 29.0
    },
    "pos_weight": {
      "mean": 1.435722084738464,
      "std": 0.027556756496401727,
      "min": 1.4233983285853913,
      "max": 1.4850171093507545
    },
    "weighted_sampler": {
      "mean": 1.0,
      "std": 0.0,
      "min": 1.0,
      "max": 1.0
    },
    "loss_gamma": {
      "mean": 1.5,
      "std": 0.0,
      "min": 1.5,
      "max": 1.5
    },
    "loss_neg_weight": {
      "mean": 0.5642779152615361,
      "std": 0.027556756496401727,
      "min": 0.5149828906492455,
      "max": 0.5766016714146087
    },
    "threshold": {
      "mean": 0.5844966831207274,
      "std": 0.05227387588839867,
      "min": 0.49999999999999994,
      "max": 0.6399999999999999
    },
    "train_threshold_objective": {
      "mean": 0.825,
      "std": 0.19184774055368897,
      "min": 0.5833333333333334,
      "max": 1.0
    },
    "loss_cb_beta": {
      "mean": 0.9949999999999999,
      "std": 1.2412670766236366e-16,
      "min": 0.995,
      "max": 0.995
    },
    "auroc": {
      "mean": 0.66,
      "std": 0.40079781547419757,
      "min": 0.0,
      "max": 1.0
    },
    "auprc": {
      "mean": 0.655952380952381,
      "std": 0.3353045456327657,
      "min": 0.19642857142857142,
      "max": 1.0
    },
    "accuracy": {
      "mean": 0.6,
      "std": 0.270993542358485,
      "min": 0.125,
      "max": 0.75
    },
    "sensitivity": {
      "mean": 0.26666666666666666,
      "std": 0.43461349368017665,
      "min": 0.0,
      "max": 1.0
    },
    "specificity": {
      "mean": 0.7333333333333333,
      "std": 0.3456073558887954,
      "min": 0.16666666666666666,
      "max": 1.0
    },
    "f1": {
      "mean": 0.2333333333333333,
      "std": 0.32489314482696546,
      "min": 0.0,
      "max": 0.6666666666666666
    },
    "tp": {
      "mean": 0.6,
      "std": 0.8944271909999159,
      "min": 0.0,
      "max": 2.0
    },
    "tn": {
      "mean": 4.2,
      "std": 1.9235384061671346,
      "min": 1.0,
      "max": 6.0
    },
    "fp": {
      "mean": 1.6,
      "std": 2.073644135332772,
      "min": 0.0,
      "max": 5.0
    },
    "fn": {
      "mean": 1.6,
      "std": 0.8944271909999161,
      "min": 0.0,
      "max": 2.0
    },
    "val_loss": {
      "mean": 0.2247922718524933,
      "std": 0.036168282020559384,
      "min": 0.19151809811592102,
      "max": 0.2821829915046692
    }
  }
}