{
  "device": "cuda",
  "n_trials": 78,
  "n_subjects": 40,
  "tabular_feature_count": 54,
  "action_order": [
    "SSC",
    "VDJ"
  ],
  "threshold_strategy": "youden",
  "fold_summary": {
    "n_train": {
      "mean": 32.0,
      "std": 0.0,
      "min": 32.0,
      "max": 32.0
    },
    "n_val": {
      "mean": 8.0,
      "std": 0.0,
      "min": 8.0,
      "max": 8.0
    },
    "best_epoch": {
      "mean": 10.0,
      "std": 11.704699910719626,
      "min": 1.0,
      "max": 29.0
    },
    "pos_weight": {
      "mean": 1.435722084738464,
      "std": 0.027556756496401727,
      "min": 1.4233983285853913,
      "max": 1.4850171093507545
    },
    "weighted_sampler": {
      "mean": 1.0,
      "std": 0.0,
      "min": 1.0,
      "max": 1.0
    },
    "loss_gamma": {
      "mean": 1.5,
      "std": 0.0,
      "min": 1.5,
      "max": 1.5
    },
    "loss_neg_weight": {
      "mean": 0.5642779152615361,
      "std": 0.027556756496401727,
      "min": 0.5149828906492455,
      "max": 0.5766016714146087
    },
    "threshold": {
      "mean": 0.5744966831207275,
      "std": 0.04295317425306189,
      "min": 0.49999999999999994,
      "max": 0.605
    },
    "train_threshold_objective": {
      "mean": 0.7719806763285024,
      "std": 0.26232818196728364,
      "min": 0.42995169082125617,
      "max": 1.0
    },
    "loss_cb_beta": {
      "mean": 0.9949999999999999,
      "std": 1.2412670766236366e-16,
      "min": 0.995,
      "max": 0.995
    },
    "auroc": {
      "mean": 0.66,
      "std": 0.40079781547419757,
      "min": 0.0,
      "max": 1.0
    },
    "auprc": {
      "mean": 0.655952380952381,
      "std": 0.3353045456327657,
      "min": 0.19642857142857142,
      "max": 1.0
    },
    "accuracy": {
      "mean": 0.625,
      "std": 0.29315098498896436,
      "min": 0.125,
      "max": 0.875
    },
    "sensitivity": {
      "mean": 0.4666666666666667,
      "std": 0.5055250296034367,
      "min": 0.0,
      "max": 1.0
    },
    "specificity": {
      "mean": 0.7,
      "std": 0.3205897343611891,
      "min": 0.16666666666666666,
      "max": 1.0
    },
    "f1": {
      "mean": 0.39333333333333337,
      "std": 0.37446257786622983,
      "min": 0.0,
      "max": 0.8
    },
    "tp": {
      "mean": 1.0,
      "std": 1.0,
      "min": 0.0,
      "max": 2.0
    },
    "tn": {
      "mean": 4.0,
      "std": 1.7320508075688772,
      "min": 1.0,
      "max": 5.0
    },
    "fp": {
      "mean": 1.8,
      "std": 1.9235384061671346,
      "min": 0.0,
      "max": 5.0
    },
    "fn": {
      "mean": 1.2,
      "std": 1.0954451150103324,
      "min": 0.0,
      "max": 2.0
    },
    "val_loss": {
      "mean": 0.2247922718524933,
      "std": 0.036168282020559384,
      "min": 0.19151809811592102,
      "max": 0.2821829915046692
    }
  }
}