{
  "device": "cuda",
  "n_trials": 78,
  "n_subjects": 40,
  "tabular_feature_count": 54,
  "action_order": [
    "SSC",
    "VDJ"
  ],
  "threshold_strategy": "youden",
  "fold_summary": {
    "n_train": {
      "mean": 32.0,
      "std": 0.0,
      "min": 32.0,
      "max": 32.0
    },
    "n_val": {
      "mean": 8.0,
      "std": 0.0,
      "min": 8.0,
      "max": 8.0
    },
    "best_epoch": {
      "mean": 3.8,
      "std": 4.658325879540846,
      "min": 1.0,
      "max": 12.0
    },
    "pos_weight": {
      "mean": 1.435722084738464,
      "std": 0.027556756496401727,
      "min": 1.4233983285853913,
      "max": 1.4850171093507545
    },
    "weighted_sampler": {
      "mean": 1.0,
      "std": 0.0,
      "min": 1.0,
      "max": 1.0
    },
    "loss_gamma": {
      "mean": 1.5,
      "std": 0.0,
      "min": 1.5,
      "max": 1.5
    },
    "loss_neg_weight": {
      "mean": 0.5642779152615361,
      "std": 0.027556756496401727,
      "min": 0.5149828906492455,
      "max": 0.5766016714146087
    },
    "loss_rank_weight": {
      "mean": 0.2,
      "std": 0.0,
      "min": 0.2,
      "max": 0.2
    },
    "loss_rank_margin": {
      "mean": 0.25,
      "std": 0.0,
      "min": 0.25,
      "max": 0.25
    },
    "loss_hard_negative_weight": {
      "mean": 0.05,
      "std": 0.0,
      "min": 0.05,
      "max": 0.05
    },
    "loss_hard_negative_margin": {
      "mean": 0.0,
      "std": 0.0,
      "min": 0.0,
      "max": 0.0
    },
    "loss_hard_negative_topk": {
      "mean": 2.0,
      "std": 0.0,
      "min": 2.0,
      "max": 2.0
    },
    "loss_hard_negative_warmup_epochs": {
      "mean": 8.0,
      "std": 0.0,
      "min": 8.0,
      "max": 8.0
    },
    "loss_ssc_negative_weight": {
      "mean": 0.03,
      "std": 0.0,
      "min": 0.03,
      "max": 0.03
    },
    "loss_ssc_negative_margin": {
      "mean": 0.0,
      "std": 0.0,
      "min": 0.0,
      "max": 0.0
    },
    "loss_ssc_negative_warmup_epochs": {
      "mean": 8.0,
      "std": 0.0,
      "min": 8.0,
      "max": 8.0
    },
    "threshold": {
      "mean": 0.5627876753807067,
      "std": 0.03234918618381319,
      "min": 0.5249999999999999,
      "max": 0.5957724452018738
    },
    "train_threshold_objective": {
      "mean": 0.5729468599033817,
      "std": 0.32853083139389444,
      "min": 0.22222222222222232,
      "max": 1.0
    },
    "loss_cb_beta": {
      "mean": 0.9949999999999999,
      "std": 1.2412670766236366e-16,
      "min": 0.995,
      "max": 0.995
    },
    "auroc": {
      "mean": 0.7566666666666666,
      "std": 0.17143187827498385,
      "min": 0.5833333333333334,
      "max": 1.0
    },
    "auprc": {
      "mean": 0.7233333333333333,
      "std": 0.2222361106771105,
      "min": 0.41666666666666663,
      "max": 1.0
    },
    "accuracy": {
      "mean": 0.7,
      "std": 0.14252192813739223,
      "min": 0.5,
      "max": 0.875
    },
    "sensitivity": {
      "mean": 0.4666666666666667,
      "std": 0.5055250296034367,
      "min": 0.0,
      "max": 1.0
    },
    "specificity": {
      "mean": 0.8,
      "std": 0.2738612787525831,
      "min": 0.3333333333333333,
      "max": 1.0
    },
    "f1": {
      "mean": 0.36,
      "std": 0.3507135583350037,
      "min": 0.0,
      "max": 0.8
    },
    "tp": {
      "mean": 1.0,
      "std": 1.0,
      "min": 0.0,
      "max": 2.0
    },
    "tn": {
      "mean": 4.6,
      "std": 1.51657508881031,
      "min": 2.0,
      "max": 6.0
    },
    "fp": {
      "mean": 1.2,
      "std": 1.6431676725154982,
      "min": 0.0,
      "max": 4.0
    },
    "fn": {
      "mean": 1.2,
      "std": 1.0954451150103324,
      "min": 0.0,
      "max": 2.0
    },
    "val_loss": {
      "mean": 0.2373649835586548,
      "std": 0.009238060974878627,
      "min": 0.22997954487800598,
      "max": 0.24954594671726227
    }
  }
}