{
  "device": "cuda",
  "n_trials": 78,
  "n_subjects": 40,
  "tabular_feature_count": 54,
  "action_order": [
    "SSC",
    "VDJ"
  ],
  "threshold_strategy": "youden",
  "fold_summary": {
    "n_train": {
      "mean": 32.0,
      "std": 0.0,
      "min": 32.0,
      "max": 32.0
    },
    "n_val": {
      "mean": 8.0,
      "std": 0.0,
      "min": 8.0,
      "max": 8.0
    },
    "best_epoch": {
      "mean": 9.8,
      "std": 8.228000972289685,
      "min": 1.0,
      "max": 18.0
    },
    "pos_weight": {
      "mean": 1.435722084738464,
      "std": 0.027556756496401727,
      "min": 1.4233983285853913,
      "max": 1.4850171093507545
    },
    "weighted_sampler": {
      "mean": 1.0,
      "std": 0.0,
      "min": 1.0,
      "max": 1.0
    },
    "loss_gamma": {
      "mean": 1.5,
      "std": 0.0,
      "min": 1.5,
      "max": 1.5
    },
    "loss_neg_weight": {
      "mean": 0.5642779152615361,
      "std": 0.027556756496401727,
      "min": 0.5149828906492455,
      "max": 0.5766016714146087
    },
    "threshold": {
      "mean": 0.5907642664909363,
      "std": 0.04710711740019708,
      "min": 0.5499999999999999,
      "max": 0.6649999999999999
    },
    "train_threshold_objective": {
      "mean": 0.7452898550724638,
      "std": 0.25893632494084534,
      "min": 0.4492753623188406,
      "max": 1.0
    },
    "loss_cb_beta": {
      "mean": 0.9949999999999999,
      "std": 1.2412670766236366e-16,
      "min": 0.995,
      "max": 0.995
    },
    "auroc": {
      "mean": 0.6066666666666667,
      "std": 0.10178954323068318,
      "min": 0.5,
      "max": 0.7500000000000001
    },
    "auprc": {
      "mean": 0.5166666666666666,
      "std": 0.10458250331675946,
      "min": 0.41666666666666663,
      "max": 0.625
    },
    "accuracy": {
      "mean": 0.6,
      "std": 0.16298006013006622,
      "min": 0.375,
      "max": 0.75
    },
    "sensitivity": {
      "mean": 0.4333333333333333,
      "std": 0.25276251480171835,
      "min": 0.0,
      "max": 0.6666666666666666
    },
    "specificity": {
      "mean": 0.6466666666666667,
      "std": 0.25668831077571275,
      "min": 0.3333333333333333,
      "max": 0.8333333333333334
    },
    "f1": {
      "mean": 0.35714285714285715,
      "std": 0.22015764296317772,
      "min": 0.0,
      "max": 0.5
    },
    "tp": {
      "mean": 1.0,
      "std": 0.7071067811865476,
      "min": 0.0,
      "max": 2.0
    },
    "tn": {
      "mean": 3.8,
      "std": 1.6431676725154984,
      "min": 2.0,
      "max": 5.0
    },
    "fp": {
      "mean": 2.0,
      "std": 1.4142135623730951,
      "min": 1.0,
      "max": 4.0
    },
    "fn": {
      "mean": 1.2,
      "std": 0.4472135954999579,
      "min": 1.0,
      "max": 2.0
    },
    "val_loss": {
      "mean": 0.22774766087532045,
      "std": 0.04559554928281072,
      "min": 0.1854826658964157,
      "max": 0.30418258905410767
    }
  }
}