{
  "device": "cuda",
  "n_trials": 78,
  "n_subjects": 40,
  "tabular_feature_count": 54,
  "action_order": [
    "SSC",
    "VDJ"
  ],
  "threshold_strategy": "f1",
  "fold_summary": {
    "n_train": {
      "mean": 32.0,
      "std": 0.0,
      "min": 32.0,
      "max": 32.0
    },
    "n_val": {
      "mean": 8.0,
      "std": 0.0,
      "min": 8.0,
      "max": 8.0
    },
    "best_epoch": {
      "mean": 5.2,
      "std": 5.495452665613635,
      "min": 1.0,
      "max": 14.0
    },
    "pos_weight": {
      "mean": 1.435722084738464,
      "std": 0.027556756496401727,
      "min": 1.4233983285853913,
      "max": 1.4850171093507545
    },
    "weighted_sampler": {
      "mean": 1.0,
      "std": 0.0,
      "min": 1.0,
      "max": 1.0
    },
    "loss_gamma": {
      "mean": 1.5,
      "std": 0.0,
      "min": 1.5,
      "max": 1.5
    },
    "loss_neg_weight": {
      "mean": 0.5642779152615361,
      "std": 0.027556756496401727,
      "min": 0.5149828906492455,
      "max": 0.5766016714146087
    },
    "threshold": {
      "mean": 0.6028389339447021,
      "std": 0.05125628532926996,
      "min": 0.5277509689331055,
      "max": 0.6714437007904053
    },
    "train_threshold_objective": {
      "mean": 0.7536893704850363,
      "std": 0.20773471685694897,
      "min": 0.5294117647058824,
      "max": 1.0
    },
    "loss_cb_beta": {
      "mean": 0.9949999999999999,
      "std": 1.2412670766236366e-16,
      "min": 0.995,
      "max": 0.995
    },
    "auroc": {
      "mean": 0.7866666666666667,
      "std": 0.176147034541538,
      "min": 0.5833333333333333,
      "max": 1.0
    },
    "auprc": {
      "mean": 0.7852380952380952,
      "std": 0.16201326896192145,
      "min": 0.6428571428571428,
      "max": 1.0
    },
    "accuracy": {
      "mean": 0.7,
      "std": 0.18957188610128875,
      "min": 0.5,
      "max": 0.875
    },
    "sensitivity": {
      "mean": 0.6333333333333333,
      "std": 0.4149966532662911,
      "min": 0.0,
      "max": 1.0
    },
    "specificity": {
      "mean": 0.7333333333333334,
      "std": 0.30276503540974914,
      "min": 0.3333333333333333,
      "max": 1.0
    },
    "f1": {
      "mean": 0.4866666666666667,
      "std": 0.33796778281697537,
      "min": 0.0,
      "max": 0.8
    },
    "tp": {
      "mean": 1.4,
      "std": 0.8944271909999159,
      "min": 0.0,
      "max": 2.0
    },
    "tn": {
      "mean": 4.2,
      "std": 1.6431676725154984,
      "min": 2.0,
      "max": 6.0
    },
    "fp": {
      "mean": 1.6,
      "std": 1.816590212458495,
      "min": 0.0,
      "max": 4.0
    },
    "fn": {
      "mean": 0.8,
      "std": 0.8366600265340756,
      "min": 0.0,
      "max": 2.0
    },
    "val_loss": {
      "mean": 0.22181374430656434,
      "std": 0.041864635610812974,
      "min": 0.19237792491912842,
      "max": 0.29413414001464844
    }
  }
}