{
  "device": "cuda",
  "n_trials": 78,
  "n_subjects": 40,
  "tabular_feature_count": 54,
  "action_order": [
    "SSC",
    "VDJ"
  ],
  "threshold_strategy": "youden",
  "fold_summary": {
    "n_train": {
      "mean": 32.0,
      "std": 0.0,
      "min": 32.0,
      "max": 32.0
    },
    "n_val": {
      "mean": 8.0,
      "std": 0.0,
      "min": 8.0,
      "max": 8.0
    },
    "best_epoch": {
      "mean": 6.6,
      "std": 7.436396977031283,
      "min": 1.0,
      "max": 17.0
    },
    "pos_weight": {
      "mean": 1.435722084738464,
      "std": 0.027556756496401727,
      "min": 1.4233983285853913,
      "max": 1.4850171093507545
    },
    "weighted_sampler": {
      "mean": 1.0,
      "std": 0.0,
      "min": 1.0,
      "max": 1.0
    },
    "loss_gamma": {
      "mean": 1.5,
      "std": 0.0,
      "min": 1.5,
      "max": 1.5
    },
    "loss_neg_weight": {
      "mean": 0.5642779152615361,
      "std": 0.027556756496401727,
      "min": 0.5149828906492455,
      "max": 0.5766016714146087
    },
    "loss_rank_weight": {
      "mean": 0.2,
      "std": 0.0,
      "min": 0.2,
      "max": 0.2
    },
    "loss_rank_margin": {
      "mean": 0.25,
      "std": 0.0,
      "min": 0.25,
      "max": 0.25
    },
    "loss_hard_negative_weight": {
      "mean": 0.15,
      "std": 0.0,
      "min": 0.15,
      "max": 0.15
    },
    "loss_hard_negative_margin": {
      "mean": 0.0,
      "std": 0.0,
      "min": 0.0,
      "max": 0.0
    },
    "loss_hard_negative_topk": {
      "mean": 2.0,
      "std": 0.0,
      "min": 2.0,
      "max": 2.0
    },
    "loss_ssc_negative_weight": {
      "mean": 0.1,
      "std": 0.0,
      "min": 0.1,
      "max": 0.1
    },
    "loss_ssc_negative_margin": {
      "mean": 0.0,
      "std": 0.0,
      "min": 0.0,
      "max": 0.0
    },
    "threshold": {
      "mean": 0.5103205649852752,
      "std": 0.014362247787837063,
      "min": 0.4908454716205597,
      "max": 0.5238771438598633
    },
    "train_threshold_objective": {
      "mean": 0.7335748792270531,
      "std": 0.2863103502387417,
      "min": 0.4166666666666665,
      "max": 1.0
    },
    "loss_cb_beta": {
      "mean": 0.9949999999999999,
      "std": 1.2412670766236366e-16,
      "min": 0.995,
      "max": 0.995
    },
    "auroc": {
      "mean": 0.7033333333333334,
      "std": 0.24392621835300937,
      "min": 0.5,
      "max": 1.0
    },
    "auprc": {
      "mean": 0.6571428571428571,
      "std": 0.29991967934591574,
      "min": 0.3333333333333333,
      "max": 1.0
    },
    "accuracy": {
      "mean": 0.75,
      "std": 0.15309310892394862,
      "min": 0.625,
      "max": 1.0
    },
    "sensitivity": {
      "mean": 0.36666666666666664,
      "std": 0.4149966532662911,
      "min": 0.0,
      "max": 1.0
    },
    "specificity": {
      "mean": 0.9,
      "std": 0.14907119849998599,
      "min": 0.6666666666666666,
      "max": 1.0
    },
    "f1": {
      "mean": 0.38,
      "std": 0.4147288270665544,
      "min": 0.0,
      "max": 1.0
    },
    "tp": {
      "mean": 0.8,
      "std": 0.8366600265340756,
      "min": 0.0,
      "max": 2.0
    },
    "tn": {
      "mean": 5.2,
      "std": 0.8366600265340756,
      "min": 4.0,
      "max": 6.0
    },
    "fp": {
      "mean": 0.6,
      "std": 0.8944271909999159,
      "min": 0.0,
      "max": 2.0
    },
    "fn": {
      "mean": 1.4,
      "std": 0.8944271909999159,
      "min": 0.0,
      "max": 2.0
    },
    "val_loss": {
      "mean": 0.24568886756896974,
      "std": 0.018150502638799436,
      "min": 0.2293892651796341,
      "max": 0.27449455857276917
    }
  }
}