split,repeat_min,repeat_max,n_ranking_rows,n_classification_rows,ranking_auroc,ranking_auprc,classification_auroc,classification_auprc,accuracy,balanced_accuracy,tn,fp,fn,tp
development_repeats_0_9,0,9,400,400,0.9247648902821317,0.8729338842975207,0.865203761755486,0.7563147948523442,0.875,0.8573667711598747,26,3,2,9
seed_holdout_repeats_10_19,10,19,400,400,0.871473354231975,0.7840429593290006,0.8087774294670846,0.6142857142857143,0.8,0.7492163009404389,25,4,4,7
pooled_repeats_0_19,0,19,800,800,0.90282131661442,0.845787419651056,0.8307210031347962,0.6771129939579137,0.8,0.7492163009404389,25,4,4,7
