{
  "model": "RBF-SVM",
  "model_key": "rbf_svm",
  "feature_set": "biomarker20",
  "n_bootstrap": 1000,
  "threshold_strategy": "bootstrap_q65_accuracy",
  "fold_summary": {
    "auroc": {
      "mean": 0.9533333333333334,
      "std": 0.04314059701848258,
      "min": 0.9166666666666667,
      "max": 1.0
    },
    "auprc": {
      "mean": 0.9166666666666666,
      "std": 0.08333333333333337,
      "min": 0.8333333333333333,
      "max": 1.0
    },
    "accuracy": {
      "mean": 0.825,
      "std": 0.06846531968814577,
      "min": 0.75,
      "max": 0.875
    },
    "sensitivity": {
      "mean": 0.7333333333333333,
      "std": 0.25276251480171835,
      "min": 0.5,
      "max": 1.0
    },
    "specificity": {
      "mean": 0.8600000000000001,
      "std": 0.07958224257542212,
      "min": 0.8,
      "max": 1.0
    },
    "f1": {
      "mean": 0.6866666666666665,
      "std": 0.1238278374733781,
      "min": 0.5,
      "max": 0.8
    },
    "tp": {
      "mean": 1.6,
      "std": 0.5477225575051661,
      "min": 1.0,
      "max": 2.0
    },
    "tn": {
      "mean": 5.0,
      "std": 0.7071067811865476,
      "min": 4.0,
      "max": 6.0
    },
    "fp": {
      "mean": 0.8,
      "std": 0.44721359549995804,
      "min": 0.0,
      "max": 1.0
    },
    "fn": {
      "mean": 0.6,
      "std": 0.5477225575051662,
      "min": 0.0,
      "max": 1.0
    }
  },
  "pooled_metrics": {
    "auroc": 0.9435736677115987,
    "auprc": 0.8552891552891554,
    "accuracy": 0.825,
    "sensitivity": 0.7272727272727273,
    "specificity": 0.8620689655172413,
    "f1": 0.6956521739130435,
    "tp": 8.0,
    "tn": 25.0,
    "fp": 4.0,
    "fn": 3.0
  }
}