{
  "model": "Biomarker MLP q65",
  "model_key": "current_biomarker_mlp_q65",
  "feature_set": "biomarker20",
  "source": "/home/ubuntu/xiangmu/xiaofang/chap_2/deeplearning/framework/outputs/reports/biomarker_mlp_nested_bce_calibrated_ensemble10_threshold_bagging_predictions.csv",
  "fold_summary": {
    "auroc": {
      "mean": 0.97,
      "std": 0.041499665326629076,
      "min": 0.9166666666666667,
      "max": 1.0
    },
    "auprc": {
      "mean": 0.95,
      "std": 0.07453559924999302,
      "min": 0.8333333333333333,
      "max": 1.0
    },
    "accuracy": {
      "mean": 0.9,
      "std": 0.055901699437494734,
      "min": 0.875,
      "max": 1.0
    },
    "sensitivity": {
      "mean": 0.8333333333333333,
      "std": 0.23570226039551584,
      "min": 0.5,
      "max": 1.0
    },
    "specificity": {
      "mean": 0.9333333333333333,
      "std": 0.09128709291752767,
      "min": 0.8333333333333334,
      "max": 1.0
    },
    "f1": {
      "mean": 0.8133333333333332,
      "std": 0.11925695879998881,
      "min": 0.6666666666666666,
      "max": 1.0
    },
    "tp": {
      "mean": 1.8,
      "std": 0.44721359549995804,
      "min": 1.0,
      "max": 2.0
    },
    "tn": {
      "mean": 5.4,
      "std": 0.5477225575051662,
      "min": 5.0,
      "max": 6.0
    },
    "fp": {
      "mean": 0.4,
      "std": 0.5477225575051662,
      "min": 0.0,
      "max": 1.0
    },
    "fn": {
      "mean": 0.4,
      "std": 0.5477225575051662,
      "min": 0.0,
      "max": 1.0
    }
  },
  "pooled_metrics": {
    "auroc": 0.9404388714733543,
    "auprc": 0.8678486850735655,
    "accuracy": 0.9,
    "sensitivity": 0.8181818181818182,
    "specificity": 0.9310344827586207,
    "f1": 0.8181818181818182,
    "tp": 9.0,
    "tn": 27.0,
    "fp": 2.0,
    "fn": 2.0
  }
}