model_key,model,feature_set,fold,n_train,n_val,threshold,auroc,auprc,accuracy,sensitivity,specificity,f1,tp,tn,fp,fn
linear_svm,Linear SVM,biomarker20,0,32,8,0.49999999999999994,1.0,1.0,0.875,0.5,1.0,0.6666666666666666,1.0,6.0,0.0,1.0
linear_svm,Linear SVM,biomarker20,1,32,8,0.4777289996311679,1.0,1.0,1.0,1.0,1.0,1.0,2.0,6.0,0.0,0.0
linear_svm,Linear SVM,biomarker20,2,32,8,0.46159503258258583,0.9333333333333333,0.9166666666666666,0.75,0.6666666666666666,0.8,0.6666666666666666,2.0,4.0,1.0,1.0
linear_svm,Linear SVM,biomarker20,3,32,8,0.49999999999999994,1.0,1.0,0.875,1.0,0.8333333333333334,0.8,2.0,5.0,1.0,0.0
linear_svm,Linear SVM,biomarker20,4,32,8,0.4600167319824369,1.0,1.0,1.0,1.0,1.0,1.0,2.0,6.0,0.0,0.0
