{
  "model": "Linear SVM",
  "model_key": "linear_svm",
  "feature_set": "biomarker20",
  "n_bootstrap": 1000,
  "threshold_strategy": "bootstrap_q65_accuracy",
  "fold_summary": {
    "auroc": {
      "mean": 0.9866666666666667,
      "std": 0.029814239699997188,
      "min": 0.9333333333333333,
      "max": 1.0
    },
    "auprc": {
      "mean": 0.9833333333333332,
      "std": 0.03726779962499651,
      "min": 0.9166666666666666,
      "max": 1.0
    },
    "accuracy": {
      "mean": 0.9,
      "std": 0.10458250331675945,
      "min": 0.75,
      "max": 1.0
    },
    "sensitivity": {
      "mean": 0.8333333333333333,
      "std": 0.23570226039551584,
      "min": 0.5,
      "max": 1.0
    },
    "specificity": {
      "mean": 0.9266666666666665,
      "std": 0.10110500592068733,
      "min": 0.8,
      "max": 1.0
    },
    "f1": {
      "mean": 0.8266666666666665,
      "std": 0.16733200530681513,
      "min": 0.6666666666666666,
      "max": 1.0
    },
    "tp": {
      "mean": 1.8,
      "std": 0.44721359549995804,
      "min": 1.0,
      "max": 2.0
    },
    "tn": {
      "mean": 5.4,
      "std": 0.8944271909999159,
      "min": 4.0,
      "max": 6.0
    },
    "fp": {
      "mean": 0.4,
      "std": 0.5477225575051662,
      "min": 0.0,
      "max": 1.0
    },
    "fn": {
      "mean": 0.4,
      "std": 0.5477225575051662,
      "min": 0.0,
      "max": 1.0
    }
  },
  "pooled_metrics": {
    "auroc": 0.9780564263322884,
    "auprc": 0.9542355371900826,
    "accuracy": 0.9,
    "sensitivity": 0.8181818181818182,
    "specificity": 0.9310344827586207,
    "f1": 0.8181818181818182,
    "tp": 9.0,
    "tn": 27.0,
    "fp": 2.0,
    "fn": 2.0
  }
}