model_key,model,feature_set,fold,n_train,n_val,threshold,auroc,auprc,accuracy,sensitivity,specificity,f1,tp,tn,fp,fn
xgboost,XGBoost,biomarker20,0,32,8,0.5199999999999999,0.8333333333333334,0.5833333333333333,0.75,0.0,1.0,0.0,0.0,6.0,0.0,2.0
xgboost,XGBoost,biomarker20,1,32,8,0.7499999999999999,0.5833333333333334,0.3666666666666667,0.75,0.0,1.0,0.0,0.0,6.0,0.0,2.0
xgboost,XGBoost,biomarker20,2,32,8,0.725,0.7333333333333333,0.5888888888888888,0.625,0.0,1.0,0.0,0.0,5.0,0.0,3.0
xgboost,XGBoost,biomarker20,3,32,8,0.5449999999999999,1.0,1.0,0.75,0.0,1.0,0.0,0.0,6.0,0.0,2.0
xgboost,XGBoost,biomarker20,4,32,8,0.585,0.9166666666666667,0.8333333333333333,0.875,0.5,1.0,0.6666666666666666,1.0,6.0,0.0,1.0
