{
  "model": "XGBoost",
  "model_key": "xgboost",
  "feature_set": "biomarker20",
  "n_bootstrap": 1000,
  "threshold_strategy": "bootstrap_q65_accuracy",
  "fold_summary": {
    "auroc": {
      "mean": 0.8133333333333332,
      "std": 0.16218987500937151,
      "min": 0.5833333333333334,
      "max": 1.0
    },
    "auprc": {
      "mean": 0.6744444444444444,
      "std": 0.24575406757243115,
      "min": 0.3666666666666667,
      "max": 1.0
    },
    "accuracy": {
      "mean": 0.75,
      "std": 0.08838834764831845,
      "min": 0.625,
      "max": 0.875
    },
    "sensitivity": {
      "mean": 0.1,
      "std": 0.223606797749979,
      "min": 0.0,
      "max": 0.5
    },
    "specificity": {
      "mean": 1.0,
      "std": 0.0,
      "min": 1.0,
      "max": 1.0
    },
    "f1": {
      "mean": 0.13333333333333333,
      "std": 0.29814239699997197,
      "min": 0.0,
      "max": 0.6666666666666666
    },
    "tp": {
      "mean": 0.2,
      "std": 0.447213595499958,
      "min": 0.0,
      "max": 1.0
    },
    "tn": {
      "mean": 5.8,
      "std": 0.4472135954999579,
      "min": 5.0,
      "max": 6.0
    },
    "fp": {
      "mean": 0.0,
      "std": 0.0,
      "min": 0.0,
      "max": 0.0
    },
    "fn": {
      "mean": 2.0,
      "std": 0.7071067811865476,
      "min": 1.0,
      "max": 3.0
    }
  },
  "pooled_metrics": {
    "auroc": 0.7586206896551724,
    "auprc": 0.5430175634791452,
    "accuracy": 0.75,
    "sensitivity": 0.09090909090909091,
    "specificity": 1.0,
    "f1": 0.16666666666666666,
    "tp": 1.0,
    "tn": 29.0,
    "fp": 0.0,
    "fn": 10.0
  }
}